image_id,image_path,width,height,num_gt,gt_pallet_truck,gt_forklift,gt_pallet,real_tp,real_fp,real_fn,real_precision,real_recall,real_f1,real_mean_iou,real_num_preds,real_max_score,base_synth_tp,base_synth_fp,base_synth_fn,base_synth_precision,base_synth_recall,base_synth_f1,base_synth_mean_iou,base_synth_num_preds,base_synth_max_score,opt0_tp,opt0_fp,opt0_fn,opt0_precision,opt0_recall,opt0_f1,opt0_mean_iou,opt0_num_preds,opt0_max_score,opt0_beats_real,opt0_beats_base_synth,opt0_beats_both,opt0_f1_gain_vs_real,opt0_f1_gain_vs_base_synth,opt0_f1_gain_min
17544,/Users/orram/Tensorleap/data/warehouse/dataset/subset-3/2019-12-17_10/Cam1/1576591645.991117.jpg,1280,800,29,2,0,27,2,5,27,0.2857,0.069,0.1111,0.746,7,0.3743,3,8,26,0.2727,0.1034,0.15,0.6164,11,0.5889,5,12,24,0.2941,0.1724,0.2174,0.5665,17,0.6069,True,True,True,0.1063,0.0674,0.0674
17545,/Users/orram/Tensorleap/data/warehouse/dataset/subset-3/2019-12-17_10/Cam1/1576591651.5540068.jpg,1280,800,32,3,0,29,5,8,27,0.3846,0.1562,0.2222,0.7122,13,0.4677,5,8,27,0.3846,0.1562,0.2222,0.6354,13,0.7101,4,13,28,0.2353,0.125,0.1633,0.6587,17,0.6588,False,False,False,-0.0589,-0.0589,-0.0589
17546,/Users/orram/Tensorleap/data/warehouse/dataset/subset-3/2019-12-17_10/Cam1/1576591686.0501428.jpg,1280,800,35,3,0,32,27,7,8,0.7941,0.7714,0.7826,0.7677,34,0.8532,28,4,7,0.875,0.8,0.8358,0.7614,32,0.8418,26,4,9,0.8667,0.7429,0.8,0.7724,30,0.8534,True,False,False,0.0174,-0.0358,-0.0358
17547,/Users/orram/Tensorleap/data/warehouse/dataset/subset-3/2019-12-17_10/Cam1/1576591707.0677454.jpg,1280,800,8,0,1,7,8,0,0,1.0,1.0,1.0,0.7974,8,0.8287,7,2,1,0.7778,0.875,0.8235,0.7514,9,0.8632,7,3,1,0.7,0.875,0.7778,0.7533,10,0.8633,False,False,False,-0.2222,-0.0457,-0.2222
17548,/Users/orram/Tensorleap/data/warehouse/dataset/subset-3/2019-12-17_10/Cam1/1576591740.1848662.jpg,1280,800,2,1,1,0,2,1,0,0.6667,1.0,0.8,0.8597,3,0.7276,1,3,1,0.25,0.5,0.3333,0.9166,4,0.8717,1,1,1,0.5,0.5,0.5,0.903,2,0.784,False,True,False,-0.3,0.1667,-0.3
17549,/Users/orram/Tensorleap/data/warehouse/dataset/subset-3/2019-12-17_10/Cam1/1576591744.6001387.jpg,1280,800,1,1,0,0,0,4,1,0.0,0.0,0.0,0.0,4,0.4404,0,2,1,0.0,0.0,0.0,0.0,2,0.6063,0,1,1,0.0,0.0,0.0,0.0,1,0.5853,False,False,False,0.0,0.0,0.0
17550,/Users/orram/Tensorleap/data/warehouse/dataset/subset-3/2019-12-17_10/Cam1/1576591764.5227544.jpg,1280,800,45,0,0,45,39,5,6,0.8864,0.8667,0.8764,0.7679,44,0.8221,40,2,5,0.9524,0.8889,0.9195,0.7496,42,0.8346,40,5,5,0.8889,0.8889,0.8889,0.748,45,0.8084,True,False,False,0.0125,-0.0306,-0.0306
17551,/Users/orram/Tensorleap/data/warehouse/dataset/subset-3/2019-12-17_10/Cam1/1576591969.1546533.jpg,1280,800,53,0,0,53,41,5,12,0.8913,0.7736,0.8283,0.8033,46,0.8475,42,8,11,0.84,0.7925,0.8155,0.8045,50,0.8402,45,4,8,0.9184,0.8491,0.8824,0.7769,49,0.8621,True,True,True,0.0541,0.0669,0.0541
17552,/Users/orram/Tensorleap/data/warehouse/dataset/subset-3/2019-12-17_10/Cam1/1576591973.5998793.jpg,1280,800,48,0,0,48,41,9,7,0.82,0.8542,0.8367,0.7619,50,0.8371,40,5,8,0.8889,0.8333,0.8602,0.7567,45,0.8432,41,4,7,0.9111,0.8542,0.8817,0.7504,45,0.8615,True,True,True,0.045,0.0215,0.0215
17553,/Users/orram/Tensorleap/data/warehouse/dataset/subset-3/2019-12-17_10/Cam1/1576591980.505563.jpg,1280,800,47,0,0,47,35,2,12,0.9459,0.7447,0.8333,0.7698,37,0.8447,35,6,12,0.8537,0.7447,0.7955,0.7959,41,0.8458,34,4,13,0.8947,0.7234,0.8,0.7946,38,0.8618,False,True,False,-0.0333,0.0045,-0.0333
17554,/Users/orram/Tensorleap/data/warehouse/dataset/subset-3/2019-12-17_10/Cam1/1576591985.0895307.jpg,1280,800,9,0,0,9,9,3,0,0.75,1.0,0.8571,0.7078,12,0.7045,7,2,2,0.7778,0.7778,0.7778,0.675,9,0.7077,5,2,4,0.7143,0.5556,0.625,0.6722,7,0.7473,False,False,False,-0.2321,-0.1528,-0.2321
17555,/Users/orram/Tensorleap/data/warehouse/dataset/subset-3/2019-12-17_10/Cam1/1576591990.7685316.jpg,1280,800,33,0,0,33,15,5,18,0.75,0.4545,0.566,0.6652,20,0.6954,16,3,17,0.8421,0.4848,0.6154,0.6735,19,0.7058,11,3,22,0.7857,0.3333,0.4681,0.6707,14,0.7692,False,False,False,-0.0979,-0.1473,-0.1473
17556,/Users/orram/Tensorleap/data/warehouse/dataset/subset-3/2019-12-17_10/Cam1/1576591995.298969.jpg,1280,800,63,0,1,62,32,21,31,0.6038,0.5079,0.5517,0.6699,53,0.7687,28,25,35,0.5283,0.4444,0.4828,0.7113,53,0.7927,30,22,33,0.5769,0.4762,0.5217,0.6743,52,0.778,False,True,False,-0.03,0.0389,-0.03
17557,/Users/orram/Tensorleap/data/warehouse/dataset/subset-3/2019-12-17_10/Cam1/1576591996.451821.jpg,1280,800,61,0,1,60,34,28,27,0.5484,0.5574,0.5528,0.67,62,0.7827,35,30,26,0.5385,0.5738,0.5556,0.6829,65,0.8059,36,24,25,0.6,0.5902,0.595,0.673,60,0.7819,True,True,True,0.0422,0.0394,0.0394
17558,/Users/orram/Tensorleap/data/warehouse/dataset/subset-3/2019-12-17_10/Cam1/1576592006.4469478.jpg,1280,800,42,3,0,39,36,13,6,0.7347,0.8571,0.7912,0.693,49,0.8421,29,14,13,0.6744,0.6905,0.6824,0.6151,43,0.8543,25,21,17,0.5435,0.5952,0.5682,0.6117,46,0.8502,False,False,False,-0.223,-0.1142,-0.223
17559,/Users/orram/Tensorleap/data/warehouse/dataset/subset-3/2019-12-17_10/Cam1/1576592032.1531954.jpg,1280,800,33,0,0,33,26,9,7,0.7429,0.7879,0.7647,0.6535,35,0.8624,25,7,8,0.7812,0.7576,0.7692,0.6505,32,0.8603,23,10,10,0.697,0.697,0.697,0.6706,33,0.9033,False,False,False,-0.0677,-0.0722,-0.0722
17560,/Users/orram/Tensorleap/data/warehouse/dataset/subset-3/2019-12-17_10/Cam1/1576592034.4780307.jpg,1280,800,30,0,0,30,20,17,10,0.5405,0.6667,0.597,0.6862,37,0.9,23,11,7,0.6765,0.7667,0.7188,0.6636,34,0.9093,23,10,7,0.697,0.7667,0.7302,0.6354,33,0.93,True,True,True,0.1332,0.0114,0.0114
17561,/Users/orram/Tensorleap/data/warehouse/dataset/subset-3/2019-12-17_10/Cam1/1576592040.0483615.jpg,1280,800,30,0,0,30,25,8,5,0.7576,0.8333,0.7937,0.6865,33,0.9123,26,4,4,0.8667,0.8667,0.8667,0.6812,30,0.9102,26,9,4,0.7429,0.8667,0.8,0.6982,35,0.9008,True,False,False,0.0063,-0.0667,-0.0667
17562,/Users/orram/Tensorleap/data/warehouse/dataset/subset-3/2019-12-17_10/Cam1/1576592053.6438186.jpg,1280,800,26,0,0,26,18,10,8,0.6429,0.6923,0.6667,0.6967,28,0.8943,17,12,9,0.5862,0.6538,0.6182,0.7212,29,0.888,17,12,9,0.5862,0.6538,0.6182,0.7025,29,0.8851,False,False,False,-0.0485,0.0,-0.0485
17563,/Users/orram/Tensorleap/data/warehouse/dataset/subset-3/2019-12-17_10/Cam1/1576592267.2934713.jpg,1280,800,23,0,0,23,17,5,6,0.7727,0.7391,0.7556,0.7213,22,0.8689,16,6,7,0.7273,0.6957,0.7111,0.7382,22,0.8857,15,4,8,0.7895,0.6522,0.7143,0.7313,19,0.8939,False,True,False,-0.0413,0.0032,-0.0413
17564,/Users/orram/Tensorleap/data/warehouse/dataset/subset-3/2019-12-17_10/Cam1/1576592275.5615697.jpg,1280,800,19,0,0,19,8,13,11,0.381,0.4211,0.4,0.728,21,0.8712,9,8,10,0.5294,0.4737,0.5,0.7057,17,0.9033,11,9,8,0.55,0.5789,0.5641,0.6828,20,0.8948,True,True,True,0.1641,0.0641,0.0641
17565,/Users/orram/Tensorleap/data/warehouse/dataset/subset-3/2019-12-17_10/Cam1/1576592464.5079198.jpg,1280,800,14,0,0,14,9,9,5,0.5,0.6429,0.5625,0.7622,18,0.851,10,4,4,0.7143,0.7143,0.7143,0.7121,14,0.8572,9,8,5,0.5294,0.6429,0.5806,0.6965,17,0.8379,True,False,False,0.0181,-0.1337,-0.1337
17566,/Users/orram/Tensorleap/data/warehouse/dataset/subset-3/2019-12-17_10/Cam1/1576592475.9422708.jpg,1280,800,9,0,0,9,8,3,1,0.7273,0.8889,0.8,0.7144,11,0.8418,6,4,3,0.6,0.6667,0.6316,0.7483,10,0.7417,6,4,3,0.6,0.6667,0.6316,0.7589,10,0.815,False,False,False,-0.1684,0.0,-0.1684
17567,/Users/orram/Tensorleap/data/warehouse/dataset/subset-3/2019-12-17_10/Cam1/1576592477.1388006.jpg,1280,800,11,0,0,11,7,3,4,0.7,0.6364,0.6667,0.6785,10,0.7924,5,4,6,0.5556,0.4545,0.5,0.7306,9,0.7217,6,3,5,0.6667,0.5455,0.6,0.7433,9,0.7889,False,True,False,-0.0667,0.1,-0.0667
17568,/Users/orram/Tensorleap/data/warehouse/dataset/subset-3/2019-12-17_10/Cam1/1576592483.00823.jpg,1280,800,9,0,0,9,6,5,3,0.5455,0.6667,0.6,0.7594,11,0.7052,6,4,3,0.6,0.6667,0.6316,0.7378,10,0.8494,6,4,3,0.6,0.6667,0.6316,0.6714,10,0.8555,True,False,False,0.0316,0.0,0.0
17569,/Users/orram/Tensorleap/data/warehouse/dataset/subset-3/2019-12-17_10/Cam1/1576592486.3907046.jpg,1280,800,8,0,0,8,5,2,3,0.7143,0.625,0.6667,0.6974,7,0.8304,4,6,4,0.4,0.5,0.4444,0.6957,10,0.7149,2,5,6,0.2857,0.25,0.2667,0.852,7,0.8414,False,False,False,-0.4,-0.1777,-0.4
17570,/Users/orram/Tensorleap/data/warehouse/dataset/subset-3/2019-12-17_10/Cam1/1576592569.0801547.jpg,1280,800,7,0,0,7,7,4,0,0.6364,1.0,0.7778,0.748,11,0.68,4,4,3,0.5,0.5714,0.5333,0.8044,8,0.7889,5,3,2,0.625,0.7143,0.6667,0.7085,8,0.8718,False,True,False,-0.1111,0.1334,-0.1111
17571,/Users/orram/Tensorleap/data/warehouse/dataset/subset-3/2019-12-17_10/Cam1/1576592594.8554428.jpg,1280,800,8,0,0,8,4,2,4,0.6667,0.5,0.5714,0.7819,6,0.7592,2,2,6,0.5,0.25,0.3333,0.7729,4,0.7136,2,0,6,1.0,0.25,0.4,0.7616,2,0.8799,False,True,False,-0.1714,0.0667,-0.1714
17572,/Users/orram/Tensorleap/data/warehouse/dataset/subset-3/2019-12-17_10/Cam1/1576592600.7209024.jpg,1280,800,8,0,0,8,2,1,6,0.6667,0.25,0.3636,0.7878,3,0.7332,3,2,5,0.6,0.375,0.4615,0.8754,5,0.711,3,2,5,0.6,0.375,0.4615,0.842,5,0.8675,True,False,False,0.0979,0.0,0.0
17573,/Users/orram/Tensorleap/data/warehouse/dataset/subset-3/2019-12-17_10/Cam1/1576592601.8295102.jpg,1280,800,6,0,0,6,2,0,4,1.0,0.3333,0.5,0.8119,2,0.8792,3,1,3,0.75,0.5,0.6,0.8522,4,0.6229,3,0,3,1.0,0.5,0.6667,0.7828,3,0.8919,True,True,True,0.1667,0.0667,0.0667
17574,/Users/orram/Tensorleap/data/warehouse/dataset/subset-3/2019-12-17_10/Cam1/1576592602.9413779.jpg,1280,800,7,0,0,7,3,0,4,1.0,0.4286,0.6,0.8486,3,0.8459,3,0,4,1.0,0.4286,0.6,0.7778,3,0.753,3,0,4,1.0,0.4286,0.6,0.7638,3,0.8898,False,False,False,0.0,0.0,0.0
17575,/Users/orram/Tensorleap/data/warehouse/dataset/subset-3/2019-12-17_10/Cam1/1576592618.2109447.jpg,1280,800,12,0,0,12,6,8,6,0.4286,0.5,0.4615,0.664,14,0.8489,6,8,6,0.4286,0.5,0.4615,0.6651,14,0.8358,6,10,6,0.375,0.5,0.4286,0.7096,16,0.8425,False,False,False,-0.0329,-0.0329,-0.0329
17576,/Users/orram/Tensorleap/data/warehouse/dataset/subset-3/2019-12-17_10/Cam1/1576592620.5838032.jpg,1280,800,23,0,0,23,14,9,9,0.6087,0.6087,0.6087,0.6545,23,0.8282,12,9,11,0.5714,0.5217,0.5455,0.6393,21,0.8164,13,9,10,0.5909,0.5652,0.5778,0.641,22,0.844,False,True,False,-0.0309,0.0323,-0.0309
17577,/Users/orram/Tensorleap/data/warehouse/dataset/subset-3/2019-12-17_10/Cam1/1576592622.8848722.jpg,1280,800,14,0,0,14,6,8,8,0.4286,0.4286,0.4286,0.7184,14,0.7579,4,14,10,0.2222,0.2857,0.25,0.7519,18,0.8353,7,10,7,0.4118,0.5,0.4516,0.6528,17,0.8205,True,True,True,0.023,0.2016,0.023
17578,/Users/orram/Tensorleap/data/warehouse/dataset/subset-3/2019-12-17_10/Cam1/1576592632.0918868.jpg,1280,800,16,0,0,16,10,11,6,0.4762,0.625,0.5405,0.6912,21,0.7802,11,7,5,0.6111,0.6875,0.6471,0.6957,18,0.7771,11,6,5,0.6471,0.6875,0.6667,0.7067,17,0.8003,True,True,True,0.1262,0.0196,0.0196
17579,/Users/orram/Tensorleap/data/warehouse/dataset/subset-3/2019-12-17_10/Cam1/1576592636.7302651.jpg,1280,800,5,0,0,5,5,4,0,0.5556,1.0,0.7143,0.7079,9,0.8798,3,2,2,0.6,0.6,0.6,0.8152,5,0.8788,5,1,0,0.8333,1.0,0.9091,0.7296,6,0.8533,True,True,True,0.1948,0.3091,0.1948
17580,/Users/orram/Tensorleap/data/warehouse/dataset/subset-3/2019-12-17_10/Cam1/1576592651.8150933.jpg,1280,800,9,0,0,9,5,3,4,0.625,0.5556,0.5882,0.7856,8,0.7712,4,1,5,0.8,0.4444,0.5714,0.7952,5,0.8173,5,1,4,0.8333,0.5556,0.6667,0.8384,6,0.8325,True,True,True,0.0785,0.0953,0.0785
17581,/Users/orram/Tensorleap/data/warehouse/dataset/subset-3/2019-12-17_10/Cam1/1576592652.96357.jpg,1280,800,9,0,0,9,4,5,5,0.4444,0.4444,0.4444,0.6851,9,0.7272,3,3,6,0.5,0.3333,0.4,0.724,6,0.8097,5,1,4,0.8333,0.5556,0.6667,0.7441,6,0.8308,True,True,True,0.2223,0.2667,0.2223
17582,/Users/orram/Tensorleap/data/warehouse/dataset/subset-3/2019-12-17_10/Cam1/1576592663.3978252.jpg,1280,800,9,1,1,7,4,16,5,0.2,0.4444,0.2759,0.6389,20,0.8266,5,12,4,0.2941,0.5556,0.3846,0.6803,17,0.8486,6,12,3,0.3333,0.6667,0.4444,0.6152,18,0.8293,True,True,True,0.1685,0.0598,0.0598
17583,/Users/orram/Tensorleap/data/warehouse/dataset/subset-3/2019-12-17_10/Cam1/1576592710.6458898.jpg,1280,800,7,1,3,3,3,6,4,0.3333,0.4286,0.375,0.7276,9,0.7801,3,4,4,0.4286,0.4286,0.4286,0.7517,7,0.8264,3,2,4,0.6,0.4286,0.5,0.7447,5,0.8169,True,True,True,0.125,0.0714,0.0714
17584,/Users/orram/Tensorleap/data/warehouse/dataset/subset-3/2019-12-17_10/Cam1/1576592712.8648534.jpg,1280,800,5,0,2,3,4,2,1,0.6667,0.8,0.7273,0.7101,6,0.7965,5,0,0,1.0,1.0,1.0,0.6946,5,0.7927,5,0,0,1.0,1.0,1.0,0.7053,5,0.8206,True,False,False,0.2727,0.0,0.0
17585,/Users/orram/Tensorleap/data/warehouse/dataset/subset-3/2019-12-17_10/Cam1/1576592716.1830754.jpg,1280,800,3,0,1,2,3,3,0,0.5,1.0,0.6667,0.7777,6,0.7917,3,0,0,1.0,1.0,1.0,0.7852,3,0.8322,3,1,0,0.75,1.0,0.8571,0.796,4,0.8144,True,False,False,0.1904,-0.1429,-0.1429
17586,/Users/orram/Tensorleap/data/warehouse/dataset/subset-3/2019-12-17_10/Cam1/1576592733.2136478.jpg,1280,800,3,0,1,2,2,2,1,0.5,0.6667,0.5714,0.6804,4,0.8121,3,1,0,0.75,1.0,0.8571,0.7308,4,0.8407,3,0,0,1.0,1.0,1.0,0.7384,3,0.7943,True,True,True,0.4286,0.1429,0.1429
17587,/Users/orram/Tensorleap/data/warehouse/dataset/subset-3/2019-12-17_10/Cam1/1576592735.4861298.jpg,1280,800,4,0,1,3,4,3,0,0.5714,1.0,0.7273,0.8313,7,0.8273,4,0,0,1.0,1.0,1.0,0.8174,4,0.8518,4,0,0,1.0,1.0,1.0,0.8269,4,0.824,True,False,False,0.2727,0.0,0.0
17588,/Users/orram/Tensorleap/data/warehouse/dataset/subset-3/2019-12-17_10/Cam1/1576592777.3021157.jpg,1280,800,49,0,0,49,26,28,23,0.4815,0.5306,0.5049,0.655,54,0.8242,30,27,19,0.5263,0.6122,0.566,0.6763,57,0.8481,30,33,19,0.4762,0.6122,0.5357,0.691,63,0.8462,True,False,False,0.0308,-0.0303,-0.0303
17589,/Users/orram/Tensorleap/data/warehouse/dataset/subset-3/2019-12-17_10/Cam1/1576592912.7571516.jpg,1280,800,22,0,0,22,17,27,5,0.3864,0.7727,0.5152,0.6961,44,0.8232,16,18,6,0.4706,0.7273,0.5714,0.6829,34,0.8182,19,14,3,0.5758,0.8636,0.6909,0.7077,33,0.8515,True,True,True,0.1757,0.1195,0.1195
17590,/Users/orram/Tensorleap/data/warehouse/dataset/subset-3/2019-12-17_10/Cam1/1576592914.9794488.jpg,1280,800,21,0,0,21,12,14,9,0.4615,0.5714,0.5106,0.7294,26,0.8333,14,13,7,0.5185,0.6667,0.5833,0.7115,27,0.8395,14,13,7,0.5185,0.6667,0.5833,0.7332,27,0.8552,True,False,False,0.0727,0.0,0.0
17591,/Users/orram/Tensorleap/data/warehouse/dataset/subset-3/2019-12-17_10/Cam1/1576592921.6245353.jpg,1280,800,14,0,0,14,11,10,3,0.5238,0.7857,0.6286,0.6457,21,0.7683,11,8,3,0.5789,0.7857,0.6667,0.7109,19,0.8358,12,9,2,0.5714,0.8571,0.6857,0.7267,21,0.8385,True,True,True,0.0571,0.019,0.019
17592,/Users/orram/Tensorleap/data/warehouse/dataset/subset-3/2019-12-17_10/Cam1/1576592923.836047.jpg,1280,800,10,0,0,10,7,5,3,0.5833,0.7,0.6364,0.6864,12,0.839,9,7,1,0.5625,0.9,0.6923,0.7017,16,0.8618,9,6,1,0.6,0.9,0.72,0.7355,15,0.8884,True,True,True,0.0836,0.0277,0.0277
17593,/Users/orram/Tensorleap/data/warehouse/dataset/subset-3/2019-12-17_10/Cam1/1576592944.8490593.jpg,1280,800,2,0,1,1,0,4,2,0.0,0.0,0.0,0.0,4,0.6582,1,1,1,0.5,0.5,0.5,0.7189,2,0.7507,1,1,1,0.5,0.5,0.5,0.7292,2,0.6274,True,False,False,0.5,0.0,0.0
17594,/Users/orram/Tensorleap/data/warehouse/dataset/subset-3/2019-12-17_10/Cam1/1576592948.1714587.jpg,1280,800,4,0,2,2,3,3,1,0.5,0.75,0.6,0.7432,6,0.6951,2,2,2,0.5,0.5,0.5,0.6955,4,0.6555,2,3,2,0.4,0.5,0.4444,0.6975,5,0.6576,False,False,False,-0.1556,-0.0556,-0.1556
17595,/Users/orram/Tensorleap/data/warehouse/dataset/subset-3/2019-12-17_10/Cam1/1576592995.8628488.jpg,1280,800,24,0,1,23,17,23,7,0.425,0.7083,0.5312,0.6572,40,0.7866,15,21,9,0.4167,0.625,0.5,0.6511,36,0.8372,13,15,11,0.4643,0.5417,0.5,0.6444,28,0.8893,False,False,False,-0.0312,0.0,-0.0312
17596,/Users/orram/Tensorleap/data/warehouse/dataset/subset-3/2019-12-17_10/Cam1/1576593052.501059.jpg,1280,800,20,0,0,20,8,11,12,0.4211,0.4,0.4103,0.6567,19,0.7926,7,10,13,0.4118,0.35,0.3784,0.6303,17,0.8359,10,7,10,0.5882,0.5,0.5405,0.6293,17,0.8345,True,True,True,0.1302,0.1621,0.1302
17597,/Users/orram/Tensorleap/data/warehouse/dataset/subset-3/2019-12-17_10/Cam1/1576593065.7872827.jpg,1280,800,25,0,0,25,16,13,9,0.5517,0.64,0.5926,0.7211,29,0.8766,16,4,9,0.8,0.64,0.7111,0.7099,20,0.8956,16,8,9,0.6667,0.64,0.6531,0.711,24,0.8905,True,False,False,0.0605,-0.058,-0.058
17598,/Users/orram/Tensorleap/data/warehouse/dataset/subset-3/2019-12-17_10/Cam1/1576593074.6582773.jpg,1280,800,25,0,0,25,14,8,11,0.6364,0.56,0.5957,0.6752,22,0.887,16,4,9,0.8,0.64,0.7111,0.6621,20,0.8459,20,5,5,0.8,0.8,0.8,0.655,25,0.8857,True,True,True,0.2043,0.0889,0.0889
17599,/Users/orram/Tensorleap/data/warehouse/dataset/subset-3/2019-12-17_10/Cam1/1576593075.7713.jpg,1280,800,23,0,0,23,18,4,5,0.8182,0.7826,0.8,0.6912,22,0.9001,15,9,8,0.625,0.6522,0.6383,0.7037,24,0.8385,17,7,6,0.7083,0.7391,0.7234,0.6745,24,0.914,False,True,False,-0.0766,0.0851,-0.0766
17600,/Users/orram/Tensorleap/data/warehouse/dataset/subset-3/2019-12-17_10/Cam1/1576593090.1574824.jpg,1280,800,14,0,0,14,10,10,4,0.5,0.7143,0.5882,0.6999,20,0.7944,9,5,5,0.6429,0.6429,0.6429,0.6833,14,0.8718,9,9,5,0.5,0.6429,0.5625,0.7216,18,0.8151,False,False,False,-0.0257,-0.0804,-0.0804
17601,/Users/orram/Tensorleap/data/warehouse/dataset/subset-3/2019-12-17_10/Cam1/1576593092.3690152.jpg,1280,800,13,0,0,13,10,6,3,0.625,0.7692,0.6897,0.7002,16,0.8319,7,7,6,0.5,0.5385,0.5185,0.699,14,0.8451,9,7,4,0.5625,0.6923,0.6207,0.7082,16,0.8631,False,True,False,-0.069,0.1022,-0.069
17602,/Users/orram/Tensorleap/data/warehouse/dataset/subset-3/2019-12-17_10/Cam1/1576593123.2732508.jpg,1280,800,14,0,0,14,4,6,10,0.4,0.2857,0.3333,0.7168,10,0.8814,4,7,10,0.3636,0.2857,0.32,0.7155,11,0.8642,8,6,6,0.5714,0.5714,0.5714,0.7094,14,0.8794,True,True,True,0.2381,0.2514,0.2381
17603,/Users/orram/Tensorleap/data/warehouse/dataset/subset-3/2019-12-17_10/Cam1/1576593137.6827748.jpg,1280,800,10,0,0,10,6,17,4,0.2609,0.6,0.3636,0.691,23,0.7484,6,10,4,0.375,0.6,0.4615,0.6849,16,0.7496,5,14,5,0.2632,0.5,0.3448,0.6798,19,0.7886,False,False,False,-0.0188,-0.1167,-0.1167
17604,/Users/orram/Tensorleap/data/warehouse/dataset/subset-3/2019-12-17_10/Cam1/1576593141.0099733.jpg,1280,800,22,0,0,22,13,8,9,0.619,0.5909,0.6047,0.7069,21,0.8076,11,14,11,0.44,0.5,0.4681,0.7205,25,0.7746,14,9,8,0.6087,0.6364,0.6222,0.7336,23,0.8842,True,True,True,0.0175,0.1541,0.0175
17605,/Users/orram/Tensorleap/data/warehouse/dataset/subset-3/2019-12-17_10/Cam1/1576593147.6606748.jpg,1280,800,18,0,0,18,13,8,5,0.619,0.7222,0.6667,0.6931,21,0.8326,13,7,5,0.65,0.7222,0.6842,0.6731,20,0.8378,12,8,6,0.6,0.6667,0.6316,0.6914,20,0.7865,False,False,False,-0.0351,-0.0526,-0.0526
17606,/Users/orram/Tensorleap/data/warehouse/dataset/subset-3/2019-12-17_10/Cam1/1576593152.1003335.jpg,1280,800,23,0,0,23,18,16,5,0.5294,0.7826,0.6316,0.6924,34,0.8307,16,14,7,0.5333,0.6957,0.6038,0.7224,30,0.8253,16,11,7,0.5926,0.6957,0.64,0.6924,27,0.8066,True,True,True,0.0084,0.0362,0.0084
17607,/Users/orram/Tensorleap/data/warehouse/dataset/subset-3/2019-12-17_10/Cam1/1576593160.9663491.jpg,1280,800,28,0,0,28,20,3,8,0.8696,0.7143,0.7843,0.7096,23,0.8117,22,4,6,0.8462,0.7857,0.8148,0.7163,26,0.8258,22,7,6,0.7586,0.7857,0.7719,0.7238,29,0.8117,False,False,False,-0.0124,-0.0429,-0.0429
17608,/Users/orram/Tensorleap/data/warehouse/dataset/subset-3/2019-12-17_10/Cam1/1576593178.6697376.jpg,1280,800,6,0,0,6,6,2,0,0.75,1.0,0.8571,0.8003,8,0.8351,6,3,0,0.6667,1.0,0.8,0.7869,9,0.8571,6,0,0,1.0,1.0,1.0,0.722,6,0.8418,True,True,True,0.1429,0.2,0.1429
17609,/Users/orram/Tensorleap/data/warehouse/dataset/subset-3/2019-12-17_10/Cam1/1576593188.6264305.jpg,1280,800,11,0,1,10,7,14,4,0.3333,0.6364,0.4375,0.6952,21,0.7876,9,6,2,0.6,0.8182,0.6923,0.6941,15,0.7941,8,10,3,0.4444,0.7273,0.5517,0.6944,18,0.8174,True,False,False,0.1142,-0.1406,-0.1406
17610,/Users/orram/Tensorleap/data/warehouse/dataset/subset-3/2019-12-17_10/Cam1/1576593215.2226248.jpg,1280,800,32,0,0,32,14,17,18,0.4516,0.4375,0.4444,0.7455,31,0.82,17,13,15,0.5667,0.5312,0.5484,0.7446,30,0.8345,16,14,16,0.5333,0.5,0.5161,0.7425,30,0.8305,True,False,False,0.0717,-0.0323,-0.0323
17611,/Users/orram/Tensorleap/data/warehouse/dataset/subset-3/2019-12-17_10/Cam1/1576593221.8680673.jpg,1280,800,17,0,0,17,12,11,5,0.5217,0.7059,0.6,0.738,23,0.7852,11,11,6,0.5,0.6471,0.5641,0.7377,22,0.8124,11,8,6,0.5789,0.6471,0.6111,0.7312,19,0.8497,True,True,True,0.0111,0.047,0.0111
17612,/Users/orram/Tensorleap/data/warehouse/dataset/subset-3/2019-12-17_10/Cam1/1576593230.7509727.jpg,1280,800,14,0,0,14,10,8,4,0.5556,0.7143,0.625,0.6934,18,0.7748,8,9,6,0.4706,0.5714,0.5161,0.7144,17,0.8477,8,4,6,0.6667,0.5714,0.6154,0.7031,12,0.8521,False,True,False,-0.0096,0.0993,-0.0096
17613,/Users/orram/Tensorleap/data/warehouse/dataset/subset-3/2019-12-17_10/Cam1/1576593247.351654.jpg,1280,800,20,0,0,20,14,7,6,0.6667,0.7,0.6829,0.7115,21,0.7891,14,8,6,0.6364,0.7,0.6667,0.6988,22,0.8197,16,4,4,0.8,0.8,0.8,0.6972,20,0.8023,True,True,True,0.1171,0.1333,0.1171
17614,/Users/orram/Tensorleap/data/warehouse/dataset/subset-3/2019-12-17_10/Cam1/1576593249.5581224.jpg,1280,800,22,0,0,22,9,10,13,0.4737,0.4091,0.439,0.6734,19,0.8173,10,10,12,0.5,0.4545,0.4762,0.669,20,0.8562,13,7,9,0.65,0.5909,0.619,0.686,20,0.8418,True,True,True,0.18,0.1428,0.1428
17615,/Users/orram/Tensorleap/data/warehouse/dataset/subset-3/2019-12-17_10/Cam1/1576593259.5478914.jpg,1280,800,19,0,0,19,10,8,9,0.5556,0.5263,0.5405,0.6993,18,0.8391,10,7,9,0.5882,0.5263,0.5556,0.653,17,0.8388,8,9,11,0.4706,0.4211,0.4444,0.6708,17,0.8489,False,False,False,-0.0961,-0.1112,-0.1112
17616,/Users/orram/Tensorleap/data/warehouse/dataset/subset-3/2019-12-17_10/Cam1/1576593278.3958516.jpg,1280,800,17,0,0,17,9,10,8,0.4737,0.5294,0.5,0.7307,19,0.8118,11,8,6,0.5789,0.6471,0.6111,0.6848,19,0.7948,11,4,6,0.7333,0.6471,0.6875,0.6801,15,0.8058,True,True,True,0.1875,0.0764,0.0764
17617,/Users/orram/Tensorleap/data/warehouse/dataset/subset-3/2019-12-17_10/Cam1/1576593280.6123211.jpg,1280,800,16,0,0,16,8,9,8,0.4706,0.5,0.4848,0.6758,17,0.8661,10,8,6,0.5556,0.625,0.5882,0.6555,18,0.8518,12,8,4,0.6,0.75,0.6667,0.6601,20,0.8881,True,True,True,0.1819,0.0785,0.0785
17618,/Users/orram/Tensorleap/data/warehouse/dataset/subset-3/2019-12-17_10/Cam1/1576593314.8535428.jpg,1280,800,25,0,0,25,13,21,12,0.3824,0.52,0.4407,0.7437,34,0.7939,16,17,9,0.4848,0.64,0.5517,0.7047,33,0.8162,17,18,8,0.4857,0.68,0.5667,0.7032,35,0.8063,True,True,True,0.126,0.015,0.015
17619,/Users/orram/Tensorleap/data/warehouse/dataset/subset-3/2019-12-17_10/Cam1/1576593350.3011096.jpg,1280,800,21,0,1,20,13,8,8,0.619,0.619,0.619,0.6977,21,0.8129,11,7,10,0.6111,0.5238,0.5641,0.6964,18,0.8261,11,5,10,0.6875,0.5238,0.5946,0.7292,16,0.8895,False,True,False,-0.0244,0.0305,-0.0244
17620,/Users/orram/Tensorleap/data/warehouse/dataset/subset-3/2019-12-17_10/Cam1/1576593353.608962.jpg,1280,800,19,0,1,18,13,7,6,0.65,0.6842,0.6667,0.6794,20,0.9014,11,8,8,0.5789,0.5789,0.5789,0.7121,19,0.8221,14,6,5,0.7,0.7368,0.7179,0.656,20,0.9017,True,True,True,0.0512,0.139,0.0512
17621,/Users/orram/Tensorleap/data/warehouse/dataset/subset-3/2019-12-17_10/Cam1/1576593363.4570124.jpg,1280,800,14,0,1,13,10,8,4,0.5556,0.7143,0.625,0.6858,18,0.7142,10,5,4,0.6667,0.7143,0.6897,0.6774,15,0.742,11,7,3,0.6111,0.7857,0.6875,0.6851,18,0.7719,True,False,False,0.0625,-0.0022,-0.0022
17622,/Users/orram/Tensorleap/data/warehouse/dataset/subset-3/2019-12-17_10/Cam1/1576593370.0106525.jpg,1280,800,11,0,1,10,10,5,1,0.6667,0.9091,0.7692,0.7485,15,0.7904,11,1,0,0.9167,1.0,0.9565,0.6702,12,0.8303,9,4,2,0.6923,0.8182,0.75,0.7419,13,0.8866,False,False,False,-0.0192,-0.2065,-0.2065
17623,/Users/orram/Tensorleap/data/warehouse/dataset/subset-3/2019-12-17_10/Cam1/1576593392.957462.jpg,1280,800,5,0,0,5,4,0,1,1.0,0.8,0.8889,0.7473,4,0.7733,3,1,2,0.75,0.6,0.6667,0.8013,4,0.7884,3,2,2,0.6,0.6,0.6,0.7783,5,0.781,False,False,False,-0.2889,-0.0667,-0.2889
17624,/Users/orram/Tensorleap/data/warehouse/dataset/subset-3/2019-12-17_10/Cam1/1576593403.979279.jpg,1280,800,14,0,1,13,9,10,5,0.4737,0.6429,0.5455,0.6885,19,0.7615,12,11,2,0.5217,0.8571,0.6486,0.7074,23,0.8017,11,4,3,0.7333,0.7857,0.7586,0.6922,15,0.9068,True,True,True,0.2131,0.11,0.11
17625,/Users/orram/Tensorleap/data/warehouse/dataset/subset-3/2019-12-17_10/Cam1/1576593407.286923.jpg,1280,800,18,0,0,18,14,3,4,0.8235,0.7778,0.8,0.6661,17,0.8119,14,4,4,0.7778,0.7778,0.7778,0.6925,18,0.8194,15,2,3,0.8824,0.8333,0.8571,0.7151,17,0.8272,True,True,True,0.0571,0.0793,0.0571
17626,/Users/orram/Tensorleap/data/warehouse/dataset/subset-3/2019-12-17_10/Cam1/1576593423.8799114.jpg,1280,800,25,0,0,25,12,11,13,0.5217,0.48,0.5,0.6527,23,0.6855,16,9,9,0.64,0.64,0.64,0.6543,25,0.7573,12,14,13,0.4615,0.48,0.4706,0.6373,26,0.7086,False,False,False,-0.0294,-0.1694,-0.1694
17627,/Users/orram/Tensorleap/data/warehouse/dataset/subset-3/2019-12-17_10/Cam1/1576593428.299746.jpg,1280,800,17,0,0,17,8,8,9,0.5,0.4706,0.4848,0.7144,16,0.8029,10,7,7,0.5882,0.5882,0.5882,0.7259,17,0.7679,8,9,9,0.4706,0.4706,0.4706,0.7171,17,0.7635,False,False,False,-0.0142,-0.1176,-0.1176
17628,/Users/orram/Tensorleap/data/warehouse/dataset/subset-3/2019-12-17_10/Cam1/1576593430.5151386.jpg,1280,800,13,0,0,13,7,7,6,0.5,0.5385,0.5185,0.6862,14,0.7212,7,8,6,0.4667,0.5385,0.5,0.6714,15,0.7849,5,8,8,0.3846,0.3846,0.3846,0.7012,13,0.8664,False,False,False,-0.1339,-0.1154,-0.1339
17629,/Users/orram/Tensorleap/data/warehouse/dataset/subset-3/2019-12-17_10/Cam1/1576593439.3854034.jpg,1280,800,11,0,0,11,5,12,6,0.2941,0.4545,0.3571,0.5918,17,0.7319,5,10,6,0.3333,0.4545,0.3846,0.5751,15,0.8211,4,11,7,0.2667,0.3636,0.3077,0.5614,15,0.863,False,False,False,-0.0494,-0.0769,-0.0769
17630,/Users/orram/Tensorleap/data/warehouse/dataset/subset-3/2019-12-17_10/Cam1/1576593441.6055195.jpg,1280,800,11,0,0,11,7,10,4,0.4118,0.6364,0.5,0.7109,17,0.764,7,9,4,0.4375,0.6364,0.5185,0.6863,16,0.6342,5,8,6,0.3846,0.4545,0.4167,0.6648,13,0.8585,False,False,False,-0.0833,-0.1018,-0.1018
17631,/Users/orram/Tensorleap/data/warehouse/dataset/subset-3/2019-12-17_10/Cam1/1576593442.7042089.jpg,1280,800,12,0,0,12,7,8,5,0.4667,0.5833,0.5185,0.6055,15,0.639,5,10,7,0.3333,0.4167,0.3704,0.5989,15,0.7102,6,8,6,0.4286,0.5,0.4615,0.5788,14,0.8105,False,True,False,-0.057,0.0911,-0.057
17632,/Users/orram/Tensorleap/data/warehouse/dataset/subset-3/2019-12-17_10/Cam1/1576593452.6746209.jpg,1280,800,13,0,0,13,6,10,7,0.375,0.4615,0.4138,0.6037,16,0.6176,6,8,7,0.4286,0.4615,0.4444,0.6437,14,0.7391,4,9,9,0.3077,0.3077,0.3077,0.5744,13,0.8511,False,False,False,-0.1061,-0.1367,-0.1367
17633,/Users/orram/Tensorleap/data/warehouse/dataset/subset-3/2019-12-17_10/Cam1/1576593474.8026218.jpg,1280,800,7,0,0,7,5,7,2,0.4167,0.7143,0.5263,0.6832,12,0.7,6,4,1,0.6,0.8571,0.7059,0.6771,10,0.6843,5,3,2,0.625,0.7143,0.6667,0.6905,8,0.8132,True,False,False,0.1404,-0.0392,-0.0392
17634,/Users/orram/Tensorleap/data/warehouse/dataset/subset-3/2019-12-17_10/Cam1/1576593485.84229.jpg,1280,800,2,0,0,2,1,2,1,0.3333,0.5,0.4,0.5388,3,0.515,2,2,0,0.5,1.0,0.6667,0.7564,4,0.6294,2,1,0,0.6667,1.0,0.8,0.5519,3,0.7526,True,True,True,0.4,0.1333,0.1333
17635,/Users/orram/Tensorleap/data/warehouse/dataset/subset-3/2019-12-17_10/Cam1/1576593512.2938626.jpg,1280,800,7,0,0,7,2,2,5,0.5,0.2857,0.3636,0.6883,4,0.6529,1,3,6,0.25,0.1429,0.1818,0.8515,4,0.6884,1,2,6,0.3333,0.1429,0.2,0.8097,3,0.6048,False,True,False,-0.1636,0.0182,-0.1636
17636,/Users/orram/Tensorleap/data/warehouse/dataset/subset-3/2019-12-17_10/Cam1/1576593527.804971.jpg,1280,800,11,0,0,11,5,4,6,0.5556,0.4545,0.5,0.6946,9,0.6204,3,6,8,0.3333,0.2727,0.3,0.7251,9,0.7115,4,2,7,0.6667,0.3636,0.4706,0.6584,6,0.6342,False,True,False,-0.0294,0.1706,-0.0294
17637,/Users/orram/Tensorleap/data/warehouse/dataset/subset-3/2019-12-17_10/Cam1/1576593568.8300257.jpg,1280,800,7,0,0,7,6,3,1,0.6667,0.8571,0.75,0.7252,9,0.7895,7,1,0,0.875,1.0,0.9333,0.7327,8,0.8286,7,0,0,1.0,1.0,1.0,0.7145,7,0.7891,True,True,True,0.25,0.0667,0.0667
17638,/Users/orram/Tensorleap/data/warehouse/dataset/subset-3/2019-12-17_10/Cam1/1576593573.2554002.jpg,1280,800,6,0,0,6,4,2,2,0.6667,0.6667,0.6667,0.773,6,0.7738,4,1,2,0.8,0.6667,0.7273,0.7724,5,0.798,5,1,1,0.8333,0.8333,0.8333,0.7132,6,0.8397,True,True,True,0.1666,0.106,0.106
17639,/Users/orram/Tensorleap/data/warehouse/dataset/subset-3/2019-12-17_10/Cam1/1576593585.4433813.jpg,1280,800,6,0,0,6,4,2,2,0.6667,0.6667,0.6667,0.6726,6,0.8248,2,2,4,0.5,0.3333,0.4,0.7523,4,0.8346,2,1,4,0.6667,0.3333,0.4444,0.7661,3,0.8539,False,True,False,-0.2223,0.0444,-0.2223
17640,/Users/orram/Tensorleap/data/warehouse/dataset/subset-3/2019-12-17_10/Cam1/1576593607.560528.jpg,1280,800,5,0,0,5,4,6,1,0.4,0.8,0.5333,0.6715,10,0.7883,5,6,0,0.4545,1.0,0.625,0.6924,11,0.8198,4,2,1,0.6667,0.8,0.7273,0.6975,6,0.8584,True,True,True,0.194,0.1023,0.1023
17641,/Users/orram/Tensorleap/data/warehouse/dataset/subset-3/2019-12-17_10/Cam1/1576593618.6319046.jpg,1280,800,3,0,0,3,3,2,0,0.6,1.0,0.75,0.7935,5,0.6842,3,1,0,0.75,1.0,0.8571,0.7926,4,0.6626,3,2,0,0.6,1.0,0.75,0.7557,5,0.7376,False,False,False,0.0,-0.1071,-0.1071
17642,/Users/orram/Tensorleap/data/warehouse/dataset/subset-3/2019-12-17_10/Cam1/1576593624.1707294.jpg,1280,800,2,0,0,2,1,0,1,1.0,0.5,0.6667,0.5442,1,0.4676,1,1,1,0.5,0.5,0.5,0.5522,2,0.3715,0,1,2,0.0,0.0,0.0,0.0,1,0.4336,False,False,False,-0.6667,-0.5,-0.6667
17643,/Users/orram/Tensorleap/data/warehouse/dataset/subset-3/2019-12-17_10/Cam1/1576593626.3870418.jpg,1280,800,7,0,0,7,5,3,2,0.625,0.7143,0.6667,0.6609,8,0.5789,6,1,1,0.8571,0.8571,0.8571,0.598,7,0.6433,6,1,1,0.8571,0.8571,0.8571,0.5718,7,0.6651,True,False,False,0.1904,0.0,0.0
17644,/Users/orram/Tensorleap/data/warehouse/dataset/subset-3/2019-12-17_10/Cam1/1576593627.5086405.jpg,1280,800,8,0,0,8,4,4,4,0.5,0.5,0.5,0.6278,8,0.521,5,1,3,0.8333,0.625,0.7143,0.6087,6,0.5312,4,3,4,0.5714,0.5,0.5333,0.5814,7,0.6703,True,False,False,0.0333,-0.181,-0.181
17645,/Users/orram/Tensorleap/data/warehouse/dataset/subset-3/2019-12-17_10/Cam1/1576593686.135156.jpg,1280,800,11,1,0,10,8,11,3,0.4211,0.7273,0.5333,0.6908,19,0.6575,8,13,3,0.381,0.7273,0.5,0.728,21,0.7035,7,9,4,0.4375,0.6364,0.5185,0.6979,16,0.735,False,True,False,-0.0148,0.0185,-0.0148
17646,/Users/orram/Tensorleap/data/warehouse/dataset/subset-3/2019-12-17_10/Cam1/1576593696.0926828.jpg,1280,800,15,2,0,13,7,18,8,0.28,0.4667,0.35,0.7246,25,0.7601,10,11,5,0.4762,0.6667,0.5556,0.6771,21,0.741,10,12,5,0.4545,0.6667,0.5405,0.642,22,0.7995,True,False,False,0.1905,-0.0151,-0.0151
17647,/Users/orram/Tensorleap/data/warehouse/dataset/subset-3/2019-12-17_10/Cam1/1576593703.8646357.jpg,1280,800,12,3,0,9,8,9,4,0.4706,0.6667,0.5517,0.6542,17,0.6889,5,10,7,0.3333,0.4167,0.3704,0.7065,15,0.7089,4,9,8,0.3077,0.3333,0.32,0.678,13,0.79,False,False,False,-0.2317,-0.0504,-0.2317
17648,/Users/orram/Tensorleap/data/warehouse/dataset/subset-3/2019-12-17_10/Cam1/1576593704.9776354.jpg,1280,800,9,3,0,6,5,13,4,0.2778,0.5556,0.3704,0.6712,18,0.5467,3,8,6,0.2727,0.3333,0.3,0.6859,11,0.644,2,10,7,0.1667,0.2222,0.1905,0.6872,12,0.6558,False,False,False,-0.1799,-0.1095,-0.1799
17649,/Users/orram/Tensorleap/data/warehouse/dataset/subset-3/2019-12-17_10/Cam1/1576593726.0632186.jpg,1280,800,2,0,0,2,2,0,0,1.0,1.0,1.0,0.7796,2,0.7898,2,0,0,1.0,1.0,1.0,0.7477,2,0.8078,2,0,0,1.0,1.0,1.0,0.686,2,0.8171,False,False,False,0.0,0.0,0.0
17650,/Users/orram/Tensorleap/data/warehouse/dataset/subset-3/2019-12-17_10/Cam1/1576593728.2913082.jpg,1280,800,3,0,0,3,3,1,0,0.75,1.0,0.8571,0.7583,4,0.8177,3,1,0,0.75,1.0,0.8571,0.8343,4,0.8388,3,0,0,1.0,1.0,1.0,0.8569,3,0.8355,True,True,True,0.1429,0.1429,0.1429
17651,/Users/orram/Tensorleap/data/warehouse/dataset/subset-3/2019-12-17_10/Cam1/1576593753.8233488.jpg,1280,800,17,0,0,17,14,10,3,0.5833,0.8235,0.6829,0.6732,24,0.8563,14,12,3,0.5385,0.8235,0.6512,0.6996,26,0.8363,13,9,4,0.5909,0.7647,0.6667,0.7007,22,0.8446,False,True,False,-0.0162,0.0155,-0.0162
17652,/Users/orram/Tensorleap/data/warehouse/dataset/subset-3/2019-12-17_10/Cam1/1576593756.048234.jpg,1280,800,18,0,0,18,13,7,5,0.65,0.7222,0.6842,0.7489,20,0.8282,15,10,3,0.6,0.8333,0.6977,0.7515,25,0.8105,13,9,5,0.5909,0.7222,0.65,0.749,22,0.8283,False,False,False,-0.0342,-0.0477,-0.0477
17653,/Users/orram/Tensorleap/data/warehouse/dataset/subset-3/2019-12-17_10/Cam1/1576593770.4448853.jpg,1280,800,13,0,0,13,6,8,7,0.4286,0.4615,0.4444,0.7315,14,0.6973,5,12,8,0.2941,0.3846,0.3333,0.5976,17,0.7574,6,7,7,0.4615,0.4615,0.4615,0.7018,13,0.7771,True,True,True,0.0171,0.1282,0.0171
17654,/Users/orram/Tensorleap/data/warehouse/dataset/subset-3/2019-12-17_10/Cam1/1576593781.53055.jpg,1280,800,13,0,0,13,8,10,5,0.4444,0.6154,0.5161,0.7911,18,0.7989,7,11,6,0.3889,0.5385,0.4516,0.7943,18,0.8374,7,10,6,0.4118,0.5385,0.4667,0.7572,17,0.8617,False,True,False,-0.0494,0.0151,-0.0494
17655,/Users/orram/Tensorleap/data/warehouse/dataset/subset-3/2019-12-17_10/Cam1/1576593784.85157.jpg,1280,800,16,0,0,16,11,6,5,0.6471,0.6875,0.6667,0.6493,17,0.8644,10,3,6,0.7692,0.625,0.6897,0.6435,13,0.8726,11,7,5,0.6111,0.6875,0.6471,0.625,18,0.9125,False,False,False,-0.0196,-0.0426,-0.0426
17656,/Users/orram/Tensorleap/data/warehouse/dataset/subset-3/2019-12-17_10/Cam1/1576593791.5088654.jpg,1280,800,13,0,0,13,10,7,3,0.5882,0.7692,0.6667,0.6674,17,0.7038,10,2,3,0.8333,0.7692,0.8,0.6665,12,0.7283,10,5,3,0.6667,0.7692,0.7143,0.6502,15,0.8556,True,False,False,0.0476,-0.0857,-0.0857
17657,/Users/orram/Tensorleap/data/warehouse/dataset/subset-3/2019-12-17_10/Cam1/1576593800.380983.jpg,1280,800,9,0,0,9,5,5,4,0.5,0.5556,0.5263,0.7417,10,0.7222,6,5,3,0.5455,0.6667,0.6,0.7455,11,0.7243,7,4,2,0.6364,0.7778,0.7,0.7107,11,0.7626,True,True,True,0.1737,0.1,0.1
17658,/Users/orram/Tensorleap/data/warehouse/dataset/subset-3/2019-12-17_10/Cam1/1576593846.8169043.jpg,1280,800,13,0,0,13,10,5,3,0.6667,0.7692,0.7143,0.769,15,0.814,8,4,5,0.6667,0.6154,0.64,0.7732,12,0.7698,9,4,4,0.6923,0.6923,0.6923,0.7766,13,0.9012,False,True,False,-0.022,0.0523,-0.022
17659,/Users/orram/Tensorleap/data/warehouse/dataset/subset-3/2019-12-17_10/Cam1/1576593864.5489986.jpg,1280,800,13,0,0,13,8,8,5,0.5,0.6154,0.5517,0.7033,16,0.8424,9,6,4,0.6,0.6923,0.6429,0.7107,15,0.8531,8,8,5,0.5,0.6154,0.5517,0.697,16,0.848,False,False,False,0.0,-0.0912,-0.0912
17660,/Users/orram/Tensorleap/data/warehouse/dataset/subset-3/2019-12-17_10/Cam1/1576593865.6489177.jpg,1280,800,10,0,0,10,8,6,2,0.5714,0.8,0.6667,0.7001,14,0.8755,8,6,2,0.5714,0.8,0.6667,0.7378,14,0.8635,8,4,2,0.6667,0.8,0.7273,0.7309,12,0.8487,True,True,True,0.0606,0.0606,0.0606
17661,/Users/orram/Tensorleap/data/warehouse/dataset/subset-3/2019-12-17_10/Cam1/1576593890.029121.jpg,1280,800,12,0,0,12,8,7,4,0.5333,0.6667,0.5926,0.697,15,0.8195,9,3,3,0.75,0.75,0.75,0.7339,12,0.8688,9,5,3,0.6429,0.75,0.6923,0.7012,14,0.7871,True,False,False,0.0997,-0.0577,-0.0577
17662,/Users/orram/Tensorleap/data/warehouse/dataset/subset-3/2019-12-17_10/Cam1/1576593891.1343427.jpg,1280,800,10,0,0,10,8,7,2,0.5333,0.8,0.64,0.6654,15,0.9046,8,2,2,0.8,0.8,0.8,0.6516,10,0.9105,8,4,2,0.6667,0.8,0.7273,0.654,12,0.8831,True,False,False,0.0873,-0.0727,-0.0727
17663,/Users/orram/Tensorleap/data/warehouse/dataset/subset-3/2019-12-17_10/Cam1/1576593898.911257.jpg,1280,800,6,0,0,6,5,2,1,0.7143,0.8333,0.7692,0.7245,7,0.8353,6,0,0,1.0,1.0,1.0,0.6998,6,0.8003,5,2,1,0.7143,0.8333,0.7692,0.7046,7,0.8323,False,False,False,0.0,-0.2308,-0.2308
17664,/Users/orram/Tensorleap/data/warehouse/dataset/subset-3/2019-12-17_10/Cam1/1576593907.7875667.jpg,1280,800,5,0,0,5,3,3,2,0.5,0.6,0.5455,0.7805,6,0.9062,3,3,2,0.5,0.6,0.5455,0.8297,6,0.9072,3,1,2,0.75,0.6,0.6667,0.8096,4,0.8969,True,True,True,0.1212,0.1212,0.1212
17665,/Users/orram/Tensorleap/data/warehouse/dataset/subset-3/2019-12-17_10/Cam1/1576593912.2405713.jpg,1280,800,2,0,0,2,1,2,1,0.3333,0.5,0.4,0.6716,3,0.7668,1,2,1,0.3333,0.5,0.4,0.626,3,0.7723,1,2,1,0.3333,0.5,0.4,0.6176,3,0.7572,False,False,False,0.0,0.0,0.0
17669,/Users/orram/Tensorleap/data/warehouse/dataset/subset-3/2019-12-17_10/Cam1/1576593932.2283812.jpg,1280,800,1,0,0,1,1,0,0,1.0,1.0,1.0,0.8313,1,0.5953,1,0,0,1.0,1.0,1.0,0.796,1,0.6852,1,0,0,1.0,1.0,1.0,0.7655,1,0.8245,False,False,False,0.0,0.0,0.0
17670,/Users/orram/Tensorleap/data/warehouse/dataset/subset-3/2019-12-17_10/Cam1/1576593937.7621472.jpg,1280,800,13,0,1,12,7,60,6,0.1045,0.5385,0.175,0.643,67,0.7108,8,55,5,0.127,0.6154,0.2105,0.6412,63,0.7548,8,54,5,0.129,0.6154,0.2133,0.6331,62,0.749,True,True,True,0.0383,0.0028,0.0028
17671,/Users/orram/Tensorleap/data/warehouse/dataset/subset-3/2019-12-17_10/Cam1/1576593947.7703981.jpg,1280,800,70,0,1,69,44,33,26,0.5714,0.6286,0.5986,0.6729,77,0.792,47,24,23,0.662,0.6714,0.6667,0.6743,71,0.8315,46,22,24,0.6765,0.6571,0.6667,0.6723,68,0.8183,True,False,False,0.0681,0.0,0.0
17672,/Users/orram/Tensorleap/data/warehouse/dataset/subset-3/2019-12-17_10/Cam1/1576593959.9938636.jpg,1280,800,64,0,0,64,37,34,27,0.5211,0.5781,0.5481,0.5848,71,0.7314,38,28,26,0.5758,0.5938,0.5846,0.5899,66,0.7371,44,21,20,0.6769,0.6875,0.6822,0.6162,65,0.7317,True,True,True,0.1341,0.0976,0.0976
17673,/Users/orram/Tensorleap/data/warehouse/dataset/subset-3/2019-12-17_10/Cam1/1576593967.768336.jpg,1280,800,83,2,0,81,51,12,32,0.8095,0.6145,0.6986,0.6944,63,0.7242,58,6,25,0.9062,0.6988,0.7891,0.6978,64,0.7261,56,8,27,0.875,0.6747,0.7619,0.6979,64,0.7218,True,False,False,0.0633,-0.0272,-0.0272
17674,/Users/orram/Tensorleap/data/warehouse/dataset/subset-3/2019-12-17_10/Cam1/1576593978.8472974.jpg,1280,800,45,1,1,43,33,15,12,0.6875,0.7333,0.7097,0.6248,48,0.896,36,9,9,0.8,0.8,0.8,0.6396,45,0.8276,36,7,9,0.8372,0.8,0.8182,0.6463,43,0.7872,True,True,True,0.1085,0.0182,0.0182
17676,/Users/orram/Tensorleap/data/warehouse/dataset/subset-3/2019-12-17_10/Cam1/1576594033.1590245.jpg,1280,800,2,0,0,2,1,3,1,0.25,0.5,0.3333,0.5288,4,0.66,1,3,1,0.25,0.5,0.3333,0.6173,4,0.7317,1,2,1,0.3333,0.5,0.4,0.627,3,0.7301,True,True,True,0.0667,0.0667,0.0667
17677,/Users/orram/Tensorleap/data/warehouse/dataset/subset-3/2019-12-17_10/Cam1/1576594074.0953732.jpg,1280,800,1,0,0,1,1,2,0,0.3333,1.0,0.5,0.6685,3,0.5033,1,0,0,1.0,1.0,1.0,0.7149,1,0.4123,1,0,0,1.0,1.0,1.0,0.6018,1,0.6071,True,False,False,0.5,0.0,0.0
17678,/Users/orram/Tensorleap/data/warehouse/dataset/subset-3/2019-12-17_10/Cam1/1576594081.843254.jpg,1280,800,36,4,0,32,20,20,16,0.5,0.5556,0.5263,0.6159,40,0.7265,17,20,19,0.4595,0.4722,0.4658,0.6479,37,0.7838,12,21,24,0.3636,0.3333,0.3478,0.6199,33,0.788,False,False,False,-0.1785,-0.118,-0.1785
17679,/Users/orram/Tensorleap/data/warehouse/dataset/subset-3/2019-12-17_10/Cam1/1576594082.9448643.jpg,1280,800,25,4,0,21,11,15,14,0.4231,0.44,0.4314,0.6233,26,0.7654,11,13,14,0.4583,0.44,0.449,0.6308,24,0.8223,9,18,16,0.3333,0.36,0.3462,0.6291,27,0.8379,False,False,False,-0.0852,-0.1028,-0.1028
17680,/Users/orram/Tensorleap/data/warehouse/dataset/subset-3/2019-12-17_10/Cam1/1576594095.1039414.jpg,1280,800,4,1,0,3,2,4,2,0.3333,0.5,0.4,0.6728,6,0.6453,2,2,2,0.5,0.5,0.5,0.7829,4,0.8088,1,2,3,0.3333,0.25,0.2857,0.6031,3,0.8288,False,False,False,-0.1143,-0.2143,-0.2143
17691,/Users/orram/Tensorleap/data/warehouse/dataset/subset-3/2019-12-17_10/Cam1/1576594640.94822.jpg,1280,800,0,0,0,0,0,0,0,0.0,0.0,0.0,0.0,0,0.0,0,0,0,0.0,0.0,0.0,0.0,0,0.0,0,0,0,0.0,0.0,0.0,0.0,0,0.0,False,False,False,0.0,0.0,0.0
17692,/Users/orram/Tensorleap/data/warehouse/dataset/subset-3/2019-12-17_10/Cam1/1576594764.8957736.jpg,1280,800,50,0,1,49,37,14,13,0.7255,0.74,0.7327,0.6448,51,0.828,38,14,12,0.7308,0.76,0.7451,0.647,52,0.92,40,14,10,0.7407,0.8,0.7692,0.6678,54,0.8241,True,True,True,0.0365,0.0241,0.0241
17693,/Users/orram/Tensorleap/data/warehouse/dataset/subset-3/2019-12-17_10/Cam1/1576594767.1119092.jpg,1280,800,38,0,1,37,34,6,4,0.85,0.8947,0.8718,0.6679,40,0.8343,33,8,5,0.8049,0.8684,0.8354,0.6807,41,0.8606,32,6,6,0.8421,0.8421,0.8421,0.7107,38,0.8667,False,True,False,-0.0297,0.0067,-0.0297
17694,/Users/orram/Tensorleap/data/warehouse/dataset/subset-3/2019-12-17_10/Cam1/1576594768.2248445.jpg,1280,800,22,0,1,21,17,9,5,0.6538,0.7727,0.7083,0.7179,26,0.8413,19,3,3,0.8636,0.8636,0.8636,0.6846,22,0.8699,17,5,5,0.7727,0.7727,0.7727,0.682,22,0.8768,True,False,False,0.0644,-0.0909,-0.0909
17695,/Users/orram/Tensorleap/data/warehouse/dataset/subset-3/2019-12-17_10/Cam1/1576594779.3298974.jpg,1280,800,72,3,0,69,63,6,9,0.913,0.875,0.8936,0.7061,69,0.8257,59,13,13,0.8194,0.8194,0.8194,0.6711,72,0.8737,60,9,12,0.8696,0.8333,0.8511,0.7067,69,0.879,False,True,False,-0.0425,0.0317,-0.0425
17696,/Users/orram/Tensorleap/data/warehouse/dataset/subset-3/2019-12-17_10/Cam1/1576594812.532667.jpg,1280,800,31,3,0,28,21,16,10,0.5676,0.6774,0.6176,0.6477,37,0.8031,15,18,16,0.4545,0.4839,0.4687,0.6754,33,0.8266,13,27,18,0.325,0.4194,0.3662,0.6573,40,0.8421,False,False,False,-0.2514,-0.1025,-0.2514
17697,/Users/orram/Tensorleap/data/warehouse/dataset/subset-3/2019-12-17_10/Cam1/1576594821.403913.jpg,1280,800,22,0,0,22,14,13,8,0.5185,0.6364,0.5714,0.6315,27,0.6903,11,9,11,0.55,0.5,0.5238,0.6297,20,0.7072,12,10,10,0.5455,0.5455,0.5455,0.6545,22,0.7447,False,True,False,-0.0259,0.0217,-0.0259
17698,/Users/orram/Tensorleap/data/warehouse/dataset/subset-3/2019-12-17_10/Cam1/1576594902.1058748.jpg,1280,800,5,0,0,5,0,0,5,0.0,0.0,0.0,0.0,0,0.0,0,0,5,0.0,0.0,0.0,0.0,0,0.0,0,0,5,0.0,0.0,0.0,0.0,0,0.0,False,False,False,0.0,0.0,0.0
17699,/Users/orram/Tensorleap/data/warehouse/dataset/subset-3/2019-12-17_10/Cam1/1576594950.7558177.jpg,1280,800,4,0,0,4,0,1,4,0.0,0.0,0.0,0.0,1,0.3128,0,0,4,0.0,0.0,0.0,0.0,0,0.0,0,0,4,0.0,0.0,0.0,0.0,0,0.0,False,False,False,0.0,0.0,0.0
17700,/Users/orram/Tensorleap/data/warehouse/dataset/subset-3/2019-12-17_10/Cam1/1576595002.6418915.jpg,1280,800,4,0,0,4,0,0,4,0.0,0.0,0.0,0.0,0,0.0,0,0,4,0.0,0.0,0.0,0.0,0,0.0,0,0,4,0.0,0.0,0.0,0.0,0,0.0,False,False,False,0.0,0.0,0.0
17708,/Users/orram/Tensorleap/data/warehouse/dataset/subset-3/2019-12-17_10/Cam1/1576595254.908864.jpg,1280,800,0,0,0,0,0,3,0,0.0,0.0,0.0,0.0,3,0.4954,0,2,0,0.0,0.0,0.0,0.0,2,0.7046,0,2,0,0.0,0.0,0.0,0.0,2,0.6441,False,False,False,0.0,0.0,0.0
17711,/Users/orram/Tensorleap/data/warehouse/dataset/subset-3/2019-12-17_10/Cam1/1576595467.4275799.jpg,1280,800,9,0,0,9,3,9,6,0.25,0.3333,0.2857,0.6921,12,0.6205,4,7,5,0.3636,0.4444,0.4,0.629,11,0.6632,6,5,3,0.5455,0.6667,0.6,0.704,11,0.6589,True,True,True,0.3143,0.2,0.2
17712,/Users/orram/Tensorleap/data/warehouse/dataset/subset-3/2019-12-17_10/Cam1/1576595485.205702.jpg,1280,800,30,0,0,30,24,11,6,0.6857,0.8,0.7385,0.6891,35,0.8003,24,11,6,0.6857,0.8,0.7385,0.6709,35,0.8372,22,8,8,0.7333,0.7333,0.7333,0.6628,30,0.8118,False,False,False,-0.0052,-0.0052,-0.0052
17713,/Users/orram/Tensorleap/data/warehouse/dataset/subset-3/2019-12-17_10/Cam1/1576595486.3164454.jpg,1280,800,28,0,0,28,21,9,7,0.7,0.75,0.7241,0.6807,30,0.8248,22,10,6,0.6875,0.7857,0.7333,0.676,32,0.8258,19,8,9,0.7037,0.6786,0.6909,0.6755,27,0.8414,False,False,False,-0.0332,-0.0424,-0.0424
17715,/Users/orram/Tensorleap/data/warehouse/dataset/subset-3/2019-12-17_10/Cam1/1576595509.618273.jpg,1280,800,10,0,0,10,5,2,5,0.7143,0.5,0.5882,0.7631,7,0.7784,6,3,4,0.6667,0.6,0.6316,0.7229,9,0.7877,4,1,6,0.8,0.4,0.5333,0.7144,5,0.8028,False,False,False,-0.0549,-0.0983,-0.0983
17716,/Users/orram/Tensorleap/data/warehouse/dataset/subset-3/2019-12-17_10/Cam1/1576595531.7959466.jpg,1280,800,11,0,0,11,9,5,2,0.6429,0.8182,0.72,0.7506,14,0.7658,10,8,1,0.5556,0.9091,0.6897,0.77,18,0.7432,8,9,3,0.4706,0.7273,0.5714,0.7615,17,0.8301,False,False,False,-0.1486,-0.1183,-0.1486
17717,/Users/orram/Tensorleap/data/warehouse/dataset/subset-3/2019-12-17_10/Cam1/1576595549.511315.jpg,1280,800,9,0,0,9,5,6,4,0.4545,0.5556,0.5,0.6575,11,0.7891,6,1,3,0.8571,0.6667,0.75,0.6282,7,0.8621,4,3,5,0.5714,0.4444,0.5,0.6985,7,0.8645,False,False,False,0.0,-0.25,-0.25
17718,/Users/orram/Tensorleap/data/warehouse/dataset/subset-3/2019-12-17_10/Cam1/1576595570.5960379.jpg,1280,800,5,0,0,5,1,4,4,0.2,0.2,0.2,0.8506,5,0.3449,3,1,2,0.75,0.6,0.6667,0.7569,4,0.5645,2,3,3,0.4,0.4,0.4,0.7358,5,0.629,True,False,False,0.2,-0.2667,-0.2667
17720,/Users/orram/Tensorleap/data/warehouse/dataset/subset-3/2019-12-17_10/Cam1/1576595653.6005688.jpg,1280,800,7,0,0,7,6,7,1,0.4615,0.8571,0.6,0.7552,13,0.7317,6,4,1,0.6,0.8571,0.7059,0.7516,10,0.678,5,7,2,0.4167,0.7143,0.5263,0.6869,12,0.7451,False,False,False,-0.0737,-0.1796,-0.1796
17721,/Users/orram/Tensorleap/data/warehouse/dataset/subset-3/2019-12-17_10/Cam1/1576595656.9178026.jpg,1280,800,6,0,0,6,5,6,1,0.4545,0.8333,0.5882,0.7145,11,0.6642,4,3,2,0.5714,0.6667,0.6154,0.7864,7,0.7837,4,6,2,0.4,0.6667,0.5,0.6697,10,0.7643,False,False,False,-0.0882,-0.1154,-0.1154
17722,/Users/orram/Tensorleap/data/warehouse/dataset/subset-3/2019-12-17_10/Cam1/1576595662.4524379.jpg,1280,800,4,0,0,4,3,9,1,0.25,0.75,0.375,0.6137,12,0.7328,2,3,2,0.4,0.5,0.4444,0.5493,5,0.7917,1,6,3,0.1429,0.25,0.1818,0.5156,7,0.7997,False,False,False,-0.1932,-0.2626,-0.2626
17723,/Users/orram/Tensorleap/data/warehouse/dataset/subset-3/2019-12-17_10/Cam1/1576595676.8728614.jpg,1280,800,3,0,0,3,3,2,0,0.6,1.0,0.75,0.6693,5,0.6851,2,2,1,0.5,0.6667,0.5714,0.663,4,0.7499,2,1,1,0.6667,0.6667,0.6667,0.5866,3,0.7353,False,True,False,-0.0833,0.0953,-0.0833
17724,/Users/orram/Tensorleap/data/warehouse/dataset/subset-3/2019-12-17_10/Cam1/1576595677.9833026.jpg,1280,800,3,0,0,3,3,2,0,0.6,1.0,0.75,0.739,5,0.675,3,1,0,0.75,1.0,0.8571,0.803,4,0.737,2,1,1,0.6667,0.6667,0.6667,0.8336,3,0.7565,False,False,False,-0.0833,-0.1904,-0.1904
17725,/Users/orram/Tensorleap/data/warehouse/dataset/subset-3/2019-12-17_10/Cam1/1576595681.313173.jpg,1280,800,2,0,0,2,2,1,0,0.6667,1.0,0.8,0.7586,3,0.7981,2,1,0,0.6667,1.0,0.8,0.7228,3,0.7702,2,0,0,1.0,1.0,1.0,0.7126,2,0.8704,True,True,True,0.2,0.2,0.2
17726,/Users/orram/Tensorleap/data/warehouse/dataset/subset-3/2019-12-17_10/Cam1/1576595741.1908524.jpg,1280,800,29,0,0,29,21,4,8,0.84,0.7241,0.7778,0.6962,25,0.8353,19,5,10,0.7917,0.6552,0.717,0.7132,24,0.8631,21,7,8,0.75,0.7241,0.7368,0.7048,28,0.8549,False,True,False,-0.041,0.0198,-0.041
17727,/Users/orram/Tensorleap/data/warehouse/dataset/subset-3/2019-12-17_10/Cam1/1576595744.5231092.jpg,1280,800,32,0,0,32,19,4,13,0.8261,0.5938,0.6909,0.7225,23,0.8842,19,7,13,0.7308,0.5938,0.6552,0.7222,26,0.8967,15,6,17,0.7143,0.4688,0.566,0.7137,21,0.8994,False,False,False,-0.1249,-0.0892,-0.1249
17728,/Users/orram/Tensorleap/data/warehouse/dataset/subset-3/2019-12-17_10/Cam1/1576595771.054762.jpg,1280,800,19,0,0,19,15,6,4,0.7143,0.7895,0.75,0.7296,21,0.8279,15,4,4,0.7895,0.7895,0.7895,0.7225,19,0.8645,14,3,5,0.8235,0.7368,0.7778,0.7451,17,0.8774,True,False,False,0.0278,-0.0117,-0.0117
17729,/Users/orram/Tensorleap/data/warehouse/dataset/subset-3/2019-12-17_10/Cam1/1576595777.6807187.jpg,1280,800,15,0,0,15,11,1,4,0.9167,0.7333,0.8148,0.7383,12,0.8768,12,1,3,0.9231,0.8,0.8571,0.7412,13,0.8906,11,0,4,1.0,0.7333,0.8462,0.7611,11,0.8862,True,False,False,0.0314,-0.0109,-0.0109
17730,/Users/orram/Tensorleap/data/warehouse/dataset/subset-3/2019-12-17_10/Cam1/1576595783.2021928.jpg,1280,800,7,0,0,7,4,4,3,0.5,0.5714,0.5333,0.8412,8,0.8987,4,3,3,0.5714,0.5714,0.5714,0.8316,7,0.9108,5,2,2,0.7143,0.7143,0.7143,0.769,7,0.9162,True,True,True,0.181,0.1429,0.1429
17731,/Users/orram/Tensorleap/data/warehouse/dataset/subset-3/2019-12-17_10/Cam1/1576595804.2128818.jpg,1280,800,25,0,0,25,17,13,8,0.5667,0.68,0.6182,0.7158,30,0.8557,14,11,11,0.56,0.56,0.56,0.7478,25,0.8784,19,10,6,0.6552,0.76,0.7037,0.6732,29,0.8836,True,True,True,0.0855,0.1437,0.0855
17732,/Users/orram/Tensorleap/data/warehouse/dataset/subset-3/2019-12-17_10/Cam1/1576595808.6382363.jpg,1280,800,33,0,0,33,20,11,13,0.6452,0.6061,0.625,0.7008,31,0.8756,17,14,16,0.5484,0.5152,0.5312,0.714,31,0.889,19,14,14,0.5758,0.5758,0.5758,0.7119,33,0.8986,False,True,False,-0.0492,0.0446,-0.0492
17733,/Users/orram/Tensorleap/data/warehouse/dataset/subset-3/2019-12-17_10/Cam1/1576595821.937813.jpg,1280,800,27,0,0,27,18,12,9,0.6,0.6667,0.6316,0.7213,30,0.8299,19,7,8,0.7308,0.7037,0.717,0.7179,26,0.904,19,8,8,0.7037,0.7037,0.7037,0.7023,27,0.8762,True,False,False,0.0721,-0.0133,-0.0133
17734,/Users/orram/Tensorleap/data/warehouse/dataset/subset-3/2019-12-17_10/Cam1/1576595823.048431.jpg,1280,800,26,0,0,26,20,6,6,0.7692,0.7692,0.7692,0.6918,26,0.8401,22,6,4,0.7857,0.8462,0.8148,0.6922,28,0.8503,19,6,7,0.76,0.7308,0.7451,0.734,25,0.8872,False,False,False,-0.0241,-0.0697,-0.0697
17735,/Users/orram/Tensorleap/data/warehouse/dataset/subset-3/2019-12-17_10/Cam1/1576595827.484292.jpg,1280,800,25,0,0,25,20,8,5,0.7143,0.8,0.7547,0.7152,28,0.8634,20,8,5,0.7143,0.8,0.7547,0.7176,28,0.8845,21,5,4,0.8077,0.84,0.8235,0.7302,26,0.8961,True,True,True,0.0688,0.0688,0.0688
17736,/Users/orram/Tensorleap/data/warehouse/dataset/subset-3/2019-12-17_10/Cam1/1576595846.3087447.jpg,1280,800,10,0,1,9,7,5,3,0.5833,0.7,0.6364,0.7634,12,0.7993,8,5,2,0.6154,0.8,0.6957,0.7451,13,0.8267,6,6,4,0.5,0.6,0.5455,0.745,12,0.8315,False,False,False,-0.0909,-0.1502,-0.1502
17737,/Users/orram/Tensorleap/data/warehouse/dataset/subset-3/2019-12-17_10/Cam1/1576595850.7366045.jpg,1280,800,8,0,2,6,7,2,1,0.7778,0.875,0.8235,0.7724,9,0.8831,7,1,1,0.875,0.875,0.875,0.7349,8,0.8705,7,3,1,0.7,0.875,0.7778,0.7616,10,0.9,False,False,False,-0.0457,-0.0972,-0.0972
17738,/Users/orram/Tensorleap/data/warehouse/dataset/subset-3/2019-12-17_10/Cam1/1576595861.7907867.jpg,1280,800,6,0,0,6,3,3,3,0.5,0.5,0.5,0.7855,6,0.7918,4,2,2,0.6667,0.6667,0.6667,0.671,6,0.8261,4,1,2,0.8,0.6667,0.7273,0.7114,5,0.845,True,True,True,0.2273,0.0606,0.0606
17739,/Users/orram/Tensorleap/data/warehouse/dataset/subset-3/2019-12-17_10/Cam1/1576595868.4258242.jpg,1280,800,4,0,1,3,4,1,0,0.8,1.0,0.8889,0.7183,5,0.7226,3,3,1,0.5,0.75,0.6,0.7326,6,0.7936,4,1,0,0.8,1.0,0.8889,0.6868,5,0.7911,False,True,False,0.0,0.2889,0.0
17740,/Users/orram/Tensorleap/data/warehouse/dataset/subset-3/2019-12-17_10/Cam1/1576595968.0456264.jpg,1280,800,32,0,0,32,21,20,11,0.5122,0.6562,0.5753,0.7205,41,0.8699,22,15,10,0.5946,0.6875,0.6377,0.7393,37,0.8881,22,14,10,0.6111,0.6875,0.6471,0.7129,36,0.8887,True,True,True,0.0718,0.0094,0.0094
17741,/Users/orram/Tensorleap/data/warehouse/dataset/subset-3/2019-12-17_10/Cam1/1576595969.1488647.jpg,1280,800,48,0,0,48,32,13,16,0.7111,0.6667,0.6882,0.6775,45,0.79,30,14,18,0.6818,0.625,0.6522,0.6897,44,0.8259,33,16,15,0.6735,0.6875,0.6804,0.6872,49,0.805,False,True,False,-0.0078,0.0282,-0.0078
17742,/Users/orram/Tensorleap/data/warehouse/dataset/subset-3/2019-12-17_10/Cam1/1576595979.127267.jpg,1280,800,39,0,0,39,28,14,11,0.6667,0.7179,0.6914,0.7121,42,0.8985,27,16,12,0.6279,0.6923,0.6585,0.7271,43,0.8818,30,11,9,0.7317,0.7692,0.75,0.7262,41,0.871,True,True,True,0.0586,0.0915,0.0586
17743,/Users/orram/Tensorleap/data/warehouse/dataset/subset-3/2019-12-17_10/Cam1/1576595981.335912.jpg,1280,800,34,0,0,34,30,15,4,0.6667,0.8824,0.7595,0.7181,45,0.8145,30,11,4,0.7317,0.8824,0.8,0.7104,41,0.8571,33,9,1,0.7857,0.9706,0.8684,0.704,42,0.8642,True,True,True,0.1089,0.0684,0.0684
17744,/Users/orram/Tensorleap/data/warehouse/dataset/subset-3/2019-12-17_10/Cam1/1576595990.2048724.jpg,1280,800,29,0,0,29,22,6,7,0.7857,0.7586,0.7719,0.6967,28,0.8939,23,5,6,0.8214,0.7931,0.807,0.7207,28,0.8914,23,8,6,0.7419,0.7931,0.7667,0.7046,31,0.8917,False,False,False,-0.0052,-0.0403,-0.0403
17745,/Users/orram/Tensorleap/data/warehouse/dataset/subset-3/2019-12-17_10/Cam1/1576596012.3327012.jpg,1280,800,5,0,1,4,4,0,1,1.0,0.8,0.8889,0.8424,4,0.8925,5,0,0,1.0,1.0,1.0,0.8255,5,0.9051,5,0,0,1.0,1.0,1.0,0.7958,5,0.8919,True,False,False,0.1111,0.0,0.0
17746,/Users/orram/Tensorleap/data/warehouse/dataset/subset-3/2019-12-17_10/Cam1/1576596022.3192167.jpg,1280,800,5,0,0,5,5,0,0,1.0,1.0,1.0,0.7176,5,0.8617,5,0,0,1.0,1.0,1.0,0.7297,5,0.8694,5,0,0,1.0,1.0,1.0,0.7324,5,0.8861,False,False,False,0.0,0.0,0.0
17747,/Users/orram/Tensorleap/data/warehouse/dataset/subset-3/2019-12-17_10/Cam1/1576596051.0929904.jpg,1280,800,12,0,0,12,10,2,2,0.8333,0.8333,0.8333,0.7563,12,0.8635,10,3,2,0.7692,0.8333,0.8,0.7681,13,0.8783,10,3,2,0.7692,0.8333,0.8,0.7294,13,0.8612,False,False,False,-0.0333,0.0,-0.0333
17748,/Users/orram/Tensorleap/data/warehouse/dataset/subset-3/2019-12-17_10/Cam1/1576596085.4056556.jpg,1280,800,9,0,0,9,4,6,5,0.4,0.4444,0.4211,0.6032,10,0.8008,4,5,5,0.4444,0.4444,0.4444,0.6944,9,0.789,3,7,6,0.3,0.3333,0.3158,0.7668,10,0.7998,False,False,False,-0.1053,-0.1286,-0.1286
17749,/Users/orram/Tensorleap/data/warehouse/dataset/subset-3/2019-12-17_10/Cam1/1576596162.9792566.jpg,1280,800,9,0,0,9,4,6,5,0.4,0.4444,0.4211,0.7228,10,0.7815,6,7,3,0.4615,0.6667,0.5455,0.6839,13,0.8248,5,5,4,0.5,0.5556,0.5263,0.6927,10,0.8115,True,False,False,0.1052,-0.0192,-0.0192
17750,/Users/orram/Tensorleap/data/warehouse/dataset/subset-3/2019-12-17_10/Cam1/1576596196.2189689.jpg,1280,800,2,0,1,1,2,2,0,0.5,1.0,0.6667,0.6406,4,0.4312,2,0,0,1.0,1.0,1.0,0.7068,2,0.479,1,0,1,1.0,0.5,0.6667,0.6469,1,0.6994,False,False,False,0.0,-0.3333,-0.3333
17751,/Users/orram/Tensorleap/data/warehouse/dataset/subset-3/2019-12-17_10/Cam1/1576596198.4390478.jpg,1280,800,3,0,0,3,3,0,0,1.0,1.0,1.0,0.7462,3,0.6929,3,0,0,1.0,1.0,1.0,0.7417,3,0.7196,3,0,0,1.0,1.0,1.0,0.6562,3,0.6869,False,False,False,0.0,0.0,0.0
17752,/Users/orram/Tensorleap/data/warehouse/dataset/subset-3/2019-12-17_10/Cam1/1576596216.1784773.jpg,1280,800,26,0,1,25,19,13,7,0.5938,0.7308,0.6552,0.7182,32,0.8475,21,15,5,0.5833,0.8077,0.6774,0.7104,36,0.8309,20,11,6,0.6452,0.7692,0.7018,0.693,31,0.8975,True,True,True,0.0466,0.0244,0.0244
17753,/Users/orram/Tensorleap/data/warehouse/dataset/subset-3/2019-12-17_10/Cam1/1576596220.6294973.jpg,1280,800,25,0,1,24,13,23,12,0.3611,0.52,0.4262,0.6864,36,0.841,13,30,12,0.3023,0.52,0.3824,0.6668,43,0.8196,14,17,11,0.4516,0.56,0.5,0.6549,31,0.8889,True,True,True,0.0738,0.1176,0.0738
17754,/Users/orram/Tensorleap/data/warehouse/dataset/subset-3/2019-12-17_10/Cam1/1576596290.349589.jpg,1280,800,1,0,0,1,0,2,1,0.0,0.0,0.0,0.0,2,0.511,0,1,1,0.0,0.0,0.0,0.0,1,0.762,0,1,1,0.0,0.0,0.0,0.0,1,0.315,False,False,False,0.0,0.0,0.0
17755,/Users/orram/Tensorleap/data/warehouse/dataset/subset-3/2019-12-17_10/Cam2/1576591750.4998326.jpg,1280,720,13,1,1,11,3,4,10,0.4286,0.2308,0.3,0.7158,7,0.8533,1,2,12,0.3333,0.0769,0.125,0.7493,3,0.8548,2,4,11,0.3333,0.1538,0.2105,0.688,6,0.6616,False,True,False,-0.0895,0.0855,-0.0895
17756,/Users/orram/Tensorleap/data/warehouse/dataset/subset-3/2019-12-17_10/Cam2/1576591980.9275708.jpg,1280,720,116,0,0,116,18,16,98,0.5294,0.1552,0.24,0.6616,34,0.7297,16,14,100,0.5333,0.1379,0.2192,0.6454,30,0.7351,17,18,99,0.4857,0.1466,0.2252,0.6355,35,0.7353,False,True,False,-0.0148,0.006,-0.0148
17757,/Users/orram/Tensorleap/data/warehouse/dataset/subset-3/2019-12-17_10/Cam2/1576591967.3096192.jpg,1280,720,134,0,0,134,52,18,82,0.7429,0.3881,0.5098,0.7498,70,0.7718,54,10,80,0.8438,0.403,0.5455,0.7345,64,0.7547,57,13,77,0.8143,0.4254,0.5588,0.7279,70,0.7717,True,True,True,0.049,0.0133,0.0133
17758,/Users/orram/Tensorleap/data/warehouse/dataset/subset-3/2019-12-17_10/Cam2/1576591749.3874242.jpg,1280,720,8,1,1,6,3,2,5,0.6,0.375,0.4615,0.8409,5,0.8952,1,5,7,0.1667,0.125,0.1429,0.9327,6,0.8239,0,4,8,0.0,0.0,0.0,0.0,4,0.8009,False,False,False,-0.4615,-0.1429,-0.4615
17759,/Users/orram/Tensorleap/data/warehouse/dataset/subset-3/2019-12-17_10/Cam2/1576591995.7173276.jpg,1280,720,18,0,0,18,5,5,13,0.5,0.2778,0.3571,0.6238,10,0.6868,4,8,14,0.3333,0.2222,0.2667,0.683,12,0.7187,3,5,15,0.375,0.1667,0.2308,0.6894,8,0.7507,False,False,False,-0.1263,-0.0359,-0.1263
17760,/Users/orram/Tensorleap/data/warehouse/dataset/subset-3/2019-12-17_10/Cam2/1576591999.0448415.jpg,1280,720,44,0,0,44,19,7,25,0.7308,0.4318,0.5429,0.6457,26,0.7297,23,9,21,0.7188,0.5227,0.6053,0.6456,32,0.7486,16,8,28,0.6667,0.3636,0.4706,0.6437,24,0.7405,False,False,False,-0.0723,-0.1347,-0.1347
17761,/Users/orram/Tensorleap/data/warehouse/dataset/subset-3/2019-12-17_10/Cam2/1576592000.1564353.jpg,1280,720,87,0,0,87,31,30,56,0.5082,0.3563,0.4189,0.6779,61,0.721,36,32,51,0.5294,0.4138,0.4645,0.6705,68,0.7629,35,32,52,0.5224,0.4023,0.4545,0.6897,67,0.7596,True,False,False,0.0356,-0.01,-0.01
17762,/Users/orram/Tensorleap/data/warehouse/dataset/subset-3/2019-12-17_10/Cam2/1576592006.8651986.jpg,1280,720,110,0,0,110,57,24,53,0.7037,0.5182,0.5969,0.6889,81,0.7917,59,23,51,0.7195,0.5364,0.6146,0.6836,82,0.7968,60,26,50,0.6977,0.5455,0.6122,0.6752,86,0.8007,True,False,False,0.0153,-0.0024,-0.0024
17763,/Users/orram/Tensorleap/data/warehouse/dataset/subset-3/2019-12-17_10/Cam2/1576592026.9749548.jpg,1280,720,101,0,0,101,53,42,48,0.5579,0.5248,0.5408,0.6975,95,0.8306,56,30,45,0.6512,0.5545,0.5989,0.7069,86,0.8438,50,38,51,0.5682,0.495,0.5291,0.6994,88,0.8348,False,False,False,-0.0117,-0.0698,-0.0698
17764,/Users/orram/Tensorleap/data/warehouse/dataset/subset-3/2019-12-17_10/Cam2/1576592035.969319.jpg,1280,720,109,0,0,109,60,37,49,0.6186,0.5505,0.5825,0.6654,97,0.7805,55,34,54,0.618,0.5046,0.5556,0.6707,89,0.8229,57,33,52,0.6333,0.5229,0.5729,0.6691,90,0.7989,False,True,False,-0.0096,0.0173,-0.0096
17765,/Users/orram/Tensorleap/data/warehouse/dataset/subset-3/2019-12-17_10/Cam2/1576592040.4282.jpg,1280,720,103,0,0,103,58,39,45,0.5979,0.5631,0.58,0.687,97,0.8015,57,32,46,0.6404,0.5534,0.5938,0.6899,89,0.8232,57,30,46,0.6552,0.5534,0.6,0.6838,87,0.833,True,True,True,0.02,0.0062,0.0062
17766,/Users/orram/Tensorleap/data/warehouse/dataset/subset-3/2019-12-17_10/Cam2/1576592048.3216755.jpg,1280,720,96,0,0,96,50,38,46,0.5682,0.5208,0.5435,0.6517,88,0.8198,48,36,48,0.5714,0.5,0.5333,0.6801,84,0.8359,46,33,50,0.5823,0.4792,0.5257,0.6634,79,0.8128,False,False,False,-0.0178,-0.0076,-0.0178
17767,/Users/orram/Tensorleap/data/warehouse/dataset/subset-3/2019-12-17_10/Cam2/1576592049.4367285.jpg,1280,720,94,0,0,94,44,41,50,0.5176,0.4681,0.4916,0.7077,85,0.8127,50,27,44,0.6494,0.5319,0.5848,0.714,77,0.8313,45,25,49,0.6429,0.4787,0.5488,0.729,70,0.8288,True,False,False,0.0572,-0.036,-0.036
17768,/Users/orram/Tensorleap/data/warehouse/dataset/subset-3/2019-12-17_10/Cam2/1576592116.1051283.jpg,1280,720,82,0,0,82,51,25,31,0.6711,0.622,0.6456,0.66,76,0.7833,51,21,31,0.7083,0.622,0.6623,0.6912,72,0.7943,50,24,32,0.6757,0.6098,0.641,0.6748,74,0.8002,False,False,False,-0.0046,-0.0213,-0.0213
17769,/Users/orram/Tensorleap/data/warehouse/dataset/subset-3/2019-12-17_10/Cam2/1576592455.6985173.jpg,1280,720,80,0,0,80,49,29,31,0.6282,0.6125,0.6203,0.6694,78,0.8403,51,20,29,0.7183,0.6375,0.6755,0.677,71,0.845,46,18,34,0.7188,0.575,0.6389,0.6745,64,0.8312,True,False,False,0.0186,-0.0366,-0.0366
17770,/Users/orram/Tensorleap/data/warehouse/dataset/subset-3/2019-12-17_10/Cam2/1576592461.470146.jpg,1280,720,67,0,0,67,37,30,30,0.5522,0.5522,0.5522,0.6576,67,0.7932,39,25,28,0.6094,0.5821,0.5954,0.69,64,0.8107,32,24,35,0.5714,0.4776,0.5203,0.6695,56,0.7994,False,False,False,-0.0319,-0.0751,-0.0751
17771,/Users/orram/Tensorleap/data/warehouse/dataset/subset-3/2019-12-17_10/Cam2/1576592472.848078.jpg,1280,720,50,0,0,50,27,12,23,0.6923,0.54,0.6067,0.6781,39,0.8372,27,7,23,0.7941,0.54,0.6429,0.7101,34,0.839,27,9,23,0.75,0.54,0.6279,0.719,36,0.8273,True,False,False,0.0212,-0.015,-0.015
17772,/Users/orram/Tensorleap/data/warehouse/dataset/subset-3/2019-12-17_10/Cam2/1576592581.6596484.jpg,1280,720,40,0,0,40,25,19,15,0.5682,0.625,0.5952,0.6887,44,0.8381,23,19,17,0.5476,0.575,0.561,0.7459,42,0.8754,26,17,14,0.6047,0.65,0.6265,0.7015,43,0.8479,True,True,True,0.0313,0.0655,0.0313
17773,/Users/orram/Tensorleap/data/warehouse/dataset/subset-3/2019-12-17_10/Cam2/1576592612.7309594.jpg,1280,720,42,0,0,42,16,12,26,0.5714,0.381,0.4571,0.6994,28,0.8312,21,8,21,0.7241,0.5,0.5915,0.695,29,0.869,20,7,22,0.7407,0.4762,0.5797,0.7148,27,0.8769,True,False,False,0.1226,-0.0118,-0.0118
17774,/Users/orram/Tensorleap/data/warehouse/dataset/subset-3/2019-12-17_10/Cam2/1576592640.6728797.jpg,1280,720,13,0,0,13,8,1,5,0.8889,0.6154,0.7273,0.738,9,0.7883,8,6,5,0.5714,0.6154,0.5926,0.6895,14,0.8178,6,5,7,0.5455,0.4615,0.5,0.7078,11,0.8241,False,False,False,-0.2273,-0.0926,-0.2273
17775,/Users/orram/Tensorleap/data/warehouse/dataset/subset-3/2019-12-17_10/Cam2/1576592654.5248501.jpg,1280,720,24,0,0,24,12,17,12,0.4138,0.5,0.4528,0.6388,29,0.7281,13,20,11,0.3939,0.5417,0.4561,0.6757,33,0.7662,13,15,11,0.4643,0.5417,0.5,0.6274,28,0.7422,True,True,True,0.0472,0.0439,0.0439
17776,/Users/orram/Tensorleap/data/warehouse/dataset/subset-3/2019-12-17_10/Cam2/1576592664.9465384.jpg,1280,720,35,3,1,31,19,20,16,0.4872,0.5429,0.5135,0.6844,39,0.786,19,18,16,0.5135,0.5429,0.5278,0.6489,37,0.8079,18,15,17,0.5455,0.5143,0.5294,0.6854,33,0.7788,True,True,True,0.0159,0.0016,0.0016
17777,/Users/orram/Tensorleap/data/warehouse/dataset/subset-3/2019-12-17_10/Cam2/1576592683.291989.jpg,1280,720,35,3,1,31,18,13,17,0.5806,0.5143,0.5455,0.7038,31,0.759,18,11,17,0.6207,0.5143,0.5625,0.6805,29,0.8337,20,12,15,0.625,0.5714,0.597,0.718,32,0.792,True,True,True,0.0515,0.0345,0.0345
17778,/Users/orram/Tensorleap/data/warehouse/dataset/subset-3/2019-12-17_10/Cam2/1576592685.5048158.jpg,1280,720,32,3,1,28,12,19,20,0.3871,0.375,0.381,0.7116,31,0.7667,15,19,17,0.4412,0.4688,0.4545,0.6909,34,0.819,14,12,18,0.5385,0.4375,0.4828,0.671,26,0.8146,True,True,True,0.1018,0.0283,0.0283
17779,/Users/orram/Tensorleap/data/warehouse/dataset/subset-3/2019-12-17_10/Cam2/1576592742.9055545.jpg,1280,720,32,3,1,28,17,12,15,0.5862,0.5312,0.5574,0.739,29,0.845,16,13,16,0.5517,0.5,0.5246,0.7624,29,0.8689,14,14,18,0.5,0.4375,0.4667,0.7557,28,0.8813,False,False,False,-0.0907,-0.0579,-0.0907
17780,/Users/orram/Tensorleap/data/warehouse/dataset/subset-3/2019-12-17_10/Cam2/1576592747.5939894.jpg,1280,720,33,3,1,29,13,9,20,0.5909,0.3939,0.4727,0.7175,22,0.8116,13,10,20,0.5652,0.3939,0.4643,0.6908,23,0.8651,12,9,21,0.5714,0.3636,0.4444,0.6881,21,0.8437,False,False,False,-0.0283,-0.0199,-0.0283
17781,/Users/orram/Tensorleap/data/warehouse/dataset/subset-3/2019-12-17_10/Cam2/1576592759.1155803.jpg,1280,720,24,3,1,20,6,8,18,0.4286,0.25,0.3158,0.7066,14,0.4794,6,11,18,0.3529,0.25,0.2927,0.6019,17,0.795,6,8,18,0.4286,0.25,0.3158,0.5899,14,0.8055,False,True,False,0.0,0.0231,0.0
17782,/Users/orram/Tensorleap/data/warehouse/dataset/subset-3/2019-12-17_10/Cam2/1576592771.928555.jpg,1280,720,24,0,1,23,7,11,17,0.3889,0.2917,0.3333,0.6505,18,0.802,7,9,17,0.4375,0.2917,0.35,0.6955,16,0.8444,8,6,16,0.5714,0.3333,0.4211,0.6554,14,0.8404,True,True,True,0.0878,0.0711,0.0711
17783,/Users/orram/Tensorleap/data/warehouse/dataset/subset-3/2019-12-17_10/Cam2/1576592886.505737.jpg,1280,720,41,0,1,40,23,65,18,0.2614,0.561,0.3566,0.6707,88,0.7467,23,65,18,0.2614,0.561,0.3566,0.6605,88,0.8093,21,62,20,0.253,0.5122,0.3387,0.6716,83,0.849,False,False,False,-0.0179,-0.0179,-0.0179
17784,/Users/orram/Tensorleap/data/warehouse/dataset/subset-3/2019-12-17_10/Cam2/1576592889.836686.jpg,1280,720,59,0,1,58,35,72,24,0.3271,0.5932,0.4217,0.6405,107,0.7759,35,70,24,0.3333,0.5932,0.4268,0.6584,105,0.7819,38,68,21,0.3585,0.6441,0.4606,0.643,106,0.8095,True,True,True,0.0389,0.0338,0.0338
17785,/Users/orram/Tensorleap/data/warehouse/dataset/subset-3/2019-12-17_10/Cam2/1576592916.4639235.jpg,1280,720,35,0,0,35,21,40,14,0.3443,0.6,0.4375,0.6569,61,0.7939,20,43,15,0.3175,0.5714,0.4082,0.6829,63,0.7986,17,42,18,0.2881,0.4857,0.3617,0.6877,59,0.7641,False,False,False,-0.0758,-0.0465,-0.0758
17786,/Users/orram/Tensorleap/data/warehouse/dataset/subset-3/2019-12-17_10/Cam2/1576592929.7341218.jpg,1280,720,5,0,0,5,3,2,2,0.6,0.6,0.6,0.6047,5,0.8013,3,5,2,0.375,0.6,0.4615,0.6802,8,0.8501,4,4,1,0.5,0.8,0.6154,0.6568,8,0.9036,True,True,True,0.0154,0.1539,0.0154
17787,/Users/orram/Tensorleap/data/warehouse/dataset/subset-3/2019-12-17_10/Cam2/1576592934.1571093.jpg,1280,720,3,0,0,3,2,15,1,0.1176,0.6667,0.2,0.5878,17,0.6898,2,20,1,0.0909,0.6667,0.16,0.6104,22,0.7685,3,17,0,0.15,1.0,0.2609,0.5846,20,0.7364,True,True,True,0.0609,0.1009,0.0609
17788,/Users/orram/Tensorleap/data/warehouse/dataset/subset-3/2019-12-17_10/Cam2/1576592946.3335907.jpg,1280,720,28,3,1,24,21,32,7,0.3962,0.75,0.5185,0.6691,53,0.8771,20,31,8,0.3922,0.7143,0.5063,0.7007,51,0.9018,21,28,7,0.4286,0.75,0.5455,0.685,49,0.8859,True,True,True,0.027,0.0392,0.027
17789,/Users/orram/Tensorleap/data/warehouse/dataset/subset-3/2019-12-17_10/Cam2/1576592949.6627812.jpg,1280,720,23,3,1,19,18,16,5,0.5294,0.7826,0.6316,0.731,34,0.8275,17,22,6,0.4359,0.7391,0.5484,0.7342,39,0.8869,17,22,6,0.4359,0.7391,0.5484,0.7389,39,0.8815,False,False,False,-0.0832,0.0,-0.0832
17790,/Users/orram/Tensorleap/data/warehouse/dataset/subset-3/2019-12-17_10/Cam2/1576592952.9973395.jpg,1280,720,30,3,1,26,21,18,9,0.5385,0.7,0.6087,0.6647,39,0.8478,24,11,6,0.6857,0.8,0.7385,0.6528,35,0.8212,22,19,8,0.5366,0.7333,0.6197,0.661,41,0.8137,True,False,False,0.011,-0.1188,-0.1188
17791,/Users/orram/Tensorleap/data/warehouse/dataset/subset-3/2019-12-17_10/Cam2/1576592975.146381.jpg,1280,720,6,0,2,4,4,5,2,0.4444,0.6667,0.5333,0.7116,9,0.8671,5,5,1,0.5,0.8333,0.625,0.7211,10,0.8635,4,3,2,0.5714,0.6667,0.6154,0.7036,7,0.8768,True,False,False,0.0821,-0.0096,-0.0096
17792,/Users/orram/Tensorleap/data/warehouse/dataset/subset-3/2019-12-17_10/Cam2/1576593014.0381808.jpg,1280,720,22,0,2,20,13,12,9,0.52,0.5909,0.5532,0.7039,25,0.8451,10,15,12,0.4,0.4545,0.4255,0.7379,25,0.8393,9,12,13,0.4286,0.4091,0.4186,0.6854,21,0.8857,False,False,False,-0.1346,-0.0069,-0.1346
17793,/Users/orram/Tensorleap/data/warehouse/dataset/subset-3/2019-12-17_10/Cam2/1576593022.9416401.jpg,1280,720,11,0,2,9,8,23,3,0.2581,0.7273,0.381,0.7165,31,0.7666,6,29,5,0.1714,0.5455,0.2609,0.658,35,0.8569,8,24,3,0.25,0.7273,0.3721,0.674,32,0.8536,False,True,False,-0.0089,0.1112,-0.0089
17794,/Users/orram/Tensorleap/data/warehouse/dataset/subset-3/2019-12-17_10/Cam2/1576593037.3681824.jpg,1280,720,81,0,0,81,39,21,42,0.65,0.4815,0.5532,0.6865,60,0.863,41,27,40,0.6029,0.5062,0.5503,0.6914,68,0.8711,38,29,43,0.5672,0.4691,0.5135,0.6889,67,0.8745,False,False,False,-0.0397,-0.0368,-0.0397
17795,/Users/orram/Tensorleap/data/warehouse/dataset/subset-3/2019-12-17_10/Cam2/1576593048.460317.jpg,1280,720,74,0,0,74,37,27,37,0.5781,0.5,0.5362,0.6874,64,0.8084,43,18,31,0.7049,0.5811,0.637,0.6907,61,0.826,38,33,36,0.5352,0.5135,0.5241,0.6808,71,0.7961,False,False,False,-0.0121,-0.1129,-0.1129
17796,/Users/orram/Tensorleap/data/warehouse/dataset/subset-3/2019-12-17_10/Cam2/1576593080.5619774.jpg,1280,720,58,0,0,58,36,23,22,0.6102,0.6207,0.6154,0.6856,59,0.826,33,19,25,0.6346,0.569,0.6,0.6715,52,0.8608,33,27,25,0.55,0.569,0.5593,0.6689,60,0.8405,False,False,False,-0.0561,-0.0407,-0.0561
17797,/Users/orram/Tensorleap/data/warehouse/dataset/subset-3/2019-12-17_10/Cam2/1576593089.4273946.jpg,1280,720,39,0,0,39,29,17,10,0.6304,0.7436,0.6824,0.6814,46,0.8099,27,18,12,0.6,0.6923,0.6429,0.6795,45,0.8573,26,20,13,0.5652,0.6667,0.6118,0.6594,46,0.8273,False,False,False,-0.0706,-0.0311,-0.0706
17798,/Users/orram/Tensorleap/data/warehouse/dataset/subset-3/2019-12-17_10/Cam2/1576593098.2775302.jpg,1280,720,23,0,0,23,19,10,4,0.6552,0.8261,0.7308,0.7323,29,0.7994,20,2,3,0.9091,0.8696,0.8889,0.7213,22,0.8432,20,4,3,0.8333,0.8696,0.8511,0.739,24,0.8405,True,False,False,0.1203,-0.0378,-0.0378
17799,/Users/orram/Tensorleap/data/warehouse/dataset/subset-3/2019-12-17_10/Cam2/1576593138.0584605.jpg,1280,720,55,0,0,55,30,28,25,0.5172,0.5455,0.531,0.6615,58,0.7966,30,25,25,0.5455,0.5455,0.5455,0.6394,55,0.8295,30,33,25,0.4762,0.5455,0.5085,0.6586,63,0.7932,False,False,False,-0.0225,-0.037,-0.037
17800,/Users/orram/Tensorleap/data/warehouse/dataset/subset-3/2019-12-17_10/Cam2/1576593149.1445377.jpg,1280,720,67,0,0,67,39,21,28,0.65,0.5821,0.6142,0.7251,60,0.8324,40,22,27,0.6452,0.597,0.6202,0.715,62,0.8438,40,25,27,0.6154,0.597,0.6061,0.7218,65,0.8302,False,False,False,-0.0081,-0.0141,-0.0141
17801,/Users/orram/Tensorleap/data/warehouse/dataset/subset-3/2019-12-17_10/Cam2/1576593160.2298274.jpg,1280,720,64,0,0,64,29,23,35,0.5577,0.4531,0.5,0.6618,52,0.8239,32,20,32,0.6154,0.5,0.5517,0.6932,52,0.8158,33,16,31,0.6735,0.5156,0.5841,0.6619,49,0.7971,True,True,True,0.0841,0.0324,0.0324
17802,/Users/orram/Tensorleap/data/warehouse/dataset/subset-3/2019-12-17_10/Cam2/1576593179.0469494.jpg,1280,720,57,0,0,57,28,22,29,0.56,0.4912,0.5234,0.6757,50,0.8271,26,18,31,0.5909,0.4561,0.5149,0.6934,44,0.852,32,15,25,0.6809,0.5614,0.6154,0.6821,47,0.8201,True,True,True,0.092,0.1005,0.092
17803,/Users/orram/Tensorleap/data/warehouse/dataset/subset-3/2019-12-17_10/Cam2/1576593208.9386823.jpg,1280,720,24,0,1,23,9,6,15,0.6,0.375,0.4615,0.7611,15,0.7625,13,3,11,0.8125,0.5417,0.65,0.748,16,0.9057,14,3,10,0.8235,0.5833,0.6829,0.6942,17,0.9051,True,True,True,0.2214,0.0329,0.0329
17804,/Users/orram/Tensorleap/data/warehouse/dataset/subset-3/2019-12-17_10/Cam2/1576593215.5994189.jpg,1280,720,39,0,1,38,18,20,21,0.4737,0.4615,0.4675,0.6963,38,0.8528,17,18,22,0.4857,0.4359,0.4595,0.6919,35,0.9315,17,18,22,0.4857,0.4359,0.4595,0.7161,35,0.8808,False,False,False,-0.008,0.0,-0.008
17805,/Users/orram/Tensorleap/data/warehouse/dataset/subset-3/2019-12-17_10/Cam2/1576593234.4386628.jpg,1280,720,82,0,0,82,39,31,43,0.5571,0.4756,0.5132,0.671,70,0.7775,45,28,37,0.6164,0.5488,0.5806,0.6535,73,0.7882,41,31,41,0.5694,0.5,0.5325,0.6776,72,0.8206,True,False,False,0.0193,-0.0481,-0.0481
17806,/Users/orram/Tensorleap/data/warehouse/dataset/subset-3/2019-12-17_10/Cam2/1576593236.6552935.jpg,1280,720,79,0,0,79,45,31,34,0.5921,0.5696,0.5806,0.6848,76,0.8291,45,27,34,0.625,0.5696,0.596,0.6771,72,0.832,36,35,43,0.507,0.4557,0.48,0.7063,71,0.8174,False,False,False,-0.1006,-0.116,-0.116
17807,/Users/orram/Tensorleap/data/warehouse/dataset/subset-3/2019-12-17_10/Cam2/1576593243.3017313.jpg,1280,720,77,0,0,77,35,32,42,0.5224,0.4545,0.4861,0.694,67,0.7814,39,32,38,0.5493,0.5065,0.527,0.7005,71,0.8171,33,41,44,0.4459,0.4286,0.4371,0.7218,74,0.7978,False,False,False,-0.049,-0.0899,-0.0899
17808,/Users/orram/Tensorleap/data/warehouse/dataset/subset-3/2019-12-17_10/Cam2/1576593249.9325573.jpg,1280,720,70,0,0,70,36,35,34,0.507,0.5143,0.5106,0.6938,71,0.776,50,32,20,0.6098,0.7143,0.6579,0.7019,82,0.8125,40,33,30,0.5479,0.5714,0.5594,0.6829,73,0.8459,True,False,False,0.0488,-0.0985,-0.0985
17809,/Users/orram/Tensorleap/data/warehouse/dataset/subset-3/2019-12-17_10/Cam2/1576593283.2072887.jpg,1280,720,25,0,0,25,20,6,5,0.7692,0.8,0.7843,0.7763,26,0.8099,19,7,6,0.7308,0.76,0.7451,0.7728,26,0.8252,21,6,4,0.7778,0.84,0.8077,0.7818,27,0.8165,True,True,True,0.0234,0.0626,0.0234
17810,/Users/orram/Tensorleap/data/warehouse/dataset/subset-3/2019-12-17_10/Cam2/1576593286.521822.jpg,1280,720,16,0,0,16,15,3,1,0.8333,0.9375,0.8824,0.7571,18,0.8613,14,1,2,0.9333,0.875,0.9032,0.7271,15,0.8525,14,2,2,0.875,0.875,0.875,0.7389,16,0.8315,False,False,False,-0.0074,-0.0282,-0.0282
17811,/Users/orram/Tensorleap/data/warehouse/dataset/subset-3/2019-12-17_10/Cam2/1576593293.1531746.jpg,1280,720,7,0,0,7,6,1,1,0.8571,0.8571,0.8571,0.6952,7,0.8279,5,1,2,0.8333,0.7143,0.7692,0.6625,6,0.8476,6,1,1,0.8571,0.8571,0.8571,0.6395,7,0.8453,False,True,False,0.0,0.0879,0.0
17812,/Users/orram/Tensorleap/data/warehouse/dataset/subset-3/2019-12-17_10/Cam2/1576593294.2554362.jpg,1280,720,4,0,0,4,2,2,2,0.5,0.5,0.5,0.756,4,0.8429,3,2,1,0.6,0.75,0.6667,0.6868,5,0.8876,2,2,2,0.5,0.5,0.5,0.5885,4,0.8736,False,False,False,0.0,-0.1667,-0.1667
17813,/Users/orram/Tensorleap/data/warehouse/dataset/subset-3/2019-12-17_10/Cam2/1576593317.4414737.jpg,1280,720,81,0,0,81,39,29,42,0.5735,0.4815,0.5235,0.6955,68,0.8144,39,32,42,0.5493,0.4815,0.5132,0.6921,71,0.821,44,19,37,0.6984,0.5432,0.6111,0.6768,63,0.7896,True,True,True,0.0876,0.0979,0.0876
17814,/Users/orram/Tensorleap/data/warehouse/dataset/subset-3/2019-12-17_10/Cam2/1576593318.5464883.jpg,1280,720,80,0,0,80,34,44,46,0.4359,0.425,0.4304,0.6796,78,0.8255,35,28,45,0.5556,0.4375,0.4895,0.666,63,0.8275,35,30,45,0.5385,0.4375,0.4828,0.6843,65,0.7955,True,False,False,0.0524,-0.0067,-0.0067
17815,/Users/orram/Tensorleap/data/warehouse/dataset/subset-3/2019-12-17_10/Cam2/1576593321.8793821.jpg,1280,720,66,0,0,66,37,34,29,0.5211,0.5606,0.5401,0.6642,71,0.8514,39,30,27,0.5652,0.5909,0.5778,0.6421,69,0.8532,37,23,29,0.6167,0.5606,0.5873,0.6648,60,0.857,True,True,True,0.0472,0.0095,0.0095
17816,/Users/orram/Tensorleap/data/warehouse/dataset/subset-3/2019-12-17_10/Cam2/1576593326.3115916.jpg,1280,720,74,0,0,74,41,22,33,0.6508,0.5541,0.5985,0.6924,63,0.8457,43,24,31,0.6418,0.5811,0.6099,0.6677,67,0.8147,44,21,30,0.6769,0.5946,0.6331,0.6725,65,0.8046,True,True,True,0.0346,0.0232,0.0232
17817,/Users/orram/Tensorleap/data/warehouse/dataset/subset-3/2019-12-17_10/Cam2/1576593328.5319269.jpg,1280,720,93,0,0,93,44,18,49,0.7097,0.4731,0.5677,0.6756,62,0.794,42,22,51,0.6562,0.4516,0.535,0.676,64,0.8256,41,21,52,0.6613,0.4409,0.529,0.6687,62,0.8047,False,False,False,-0.0387,-0.006,-0.0387
17818,/Users/orram/Tensorleap/data/warehouse/dataset/subset-3/2019-12-17_10/Cam2/1576593358.3581605.jpg,1280,720,48,0,1,47,38,14,10,0.7308,0.7917,0.76,0.701,52,0.8235,37,13,11,0.74,0.7708,0.7551,0.7215,50,0.8124,38,16,10,0.7037,0.7917,0.7451,0.701,54,0.8298,False,False,False,-0.0149,-0.01,-0.0149
17819,/Users/orram/Tensorleap/data/warehouse/dataset/subset-3/2019-12-17_10/Cam2/1576593360.562551.jpg,1280,720,41,0,1,40,33,17,8,0.66,0.8049,0.7253,0.7393,50,0.8505,34,14,7,0.7083,0.8293,0.764,0.7449,48,0.8403,33,18,8,0.6471,0.8049,0.7174,0.7232,51,0.8307,False,False,False,-0.0079,-0.0466,-0.0466
17820,/Users/orram/Tensorleap/data/warehouse/dataset/subset-3/2019-12-17_10/Cam2/1576593376.9740224.jpg,1280,720,20,0,1,19,15,5,5,0.75,0.75,0.75,0.7394,20,0.8462,12,5,8,0.7059,0.6,0.6486,0.7862,17,0.8414,13,4,7,0.7647,0.65,0.7027,0.7486,17,0.8284,False,True,False,-0.0473,0.0541,-0.0473
17821,/Users/orram/Tensorleap/data/warehouse/dataset/subset-3/2019-12-17_10/Cam2/1576593398.8283617.jpg,1280,720,8,0,2,6,6,1,2,0.8571,0.75,0.8,0.7375,7,0.7698,6,1,2,0.8571,0.75,0.8,0.7124,7,0.8097,5,1,3,0.8333,0.625,0.7143,0.7638,6,0.8011,False,False,False,-0.0857,-0.0857,-0.0857
17822,/Users/orram/Tensorleap/data/warehouse/dataset/subset-3/2019-12-17_10/Cam2/1576593405.4520817.jpg,1280,720,17,0,0,17,10,7,7,0.5882,0.5882,0.5882,0.6482,17,0.6386,7,8,10,0.4667,0.4118,0.4375,0.7164,15,0.6665,8,5,9,0.6154,0.4706,0.5333,0.7016,13,0.6941,False,True,False,-0.0549,0.0958,-0.0549
17823,/Users/orram/Tensorleap/data/warehouse/dataset/subset-3/2019-12-17_10/Cam2/1576593427.5765834.jpg,1280,720,44,0,0,44,25,18,19,0.5814,0.5682,0.5747,0.6993,43,0.8531,31,13,13,0.7045,0.7045,0.7045,0.6701,44,0.8486,30,9,14,0.7692,0.6818,0.7229,0.6588,39,0.8377,True,True,True,0.1482,0.0184,0.0184
17824,/Users/orram/Tensorleap/data/warehouse/dataset/subset-3/2019-12-17_10/Cam2/1576593440.876526.jpg,1280,720,31,0,0,31,10,16,21,0.3846,0.3226,0.3509,0.7459,26,0.6838,10,19,21,0.3448,0.3226,0.3333,0.699,29,0.5922,10,16,21,0.3846,0.3226,0.3509,0.6954,26,0.6854,False,True,False,0.0,0.0176,0.0
17825,/Users/orram/Tensorleap/data/warehouse/dataset/subset-3/2019-12-17_10/Cam2/1576593453.0518517.jpg,1280,720,41,0,0,41,19,16,22,0.5429,0.4634,0.5,0.6805,35,0.7642,21,12,20,0.6364,0.5122,0.5676,0.6942,33,0.7408,18,19,23,0.4865,0.439,0.4615,0.6917,37,0.7085,False,False,False,-0.0385,-0.1061,-0.1061
17826,/Users/orram/Tensorleap/data/warehouse/dataset/subset-3/2019-12-17_10/Cam2/1576593474.0721047.jpg,1280,720,30,0,0,30,13,12,17,0.52,0.4333,0.4727,0.6824,25,0.8056,12,14,18,0.4615,0.4,0.4286,0.7223,26,0.7925,14,14,16,0.5,0.4667,0.4828,0.7025,28,0.7972,True,True,True,0.0101,0.0542,0.0101
17827,/Users/orram/Tensorleap/data/warehouse/dataset/subset-3/2019-12-17_10/Cam2/1576593482.9104269.jpg,1280,720,14,0,0,14,3,13,11,0.1875,0.2143,0.2,0.7325,16,0.7353,4,12,10,0.25,0.2857,0.2667,0.7047,16,0.7331,6,10,8,0.375,0.4286,0.4,0.746,16,0.6498,True,True,True,0.2,0.1333,0.1333
17828,/Users/orram/Tensorleap/data/warehouse/dataset/subset-3/2019-12-17_10/Cam2/1576593485.1118374.jpg,1280,720,11,0,0,11,2,8,9,0.2,0.1818,0.1905,0.8516,10,0.6921,6,7,5,0.4615,0.5455,0.5,0.7585,13,0.7215,3,7,8,0.3,0.2727,0.2857,0.767,10,0.7116,True,False,False,0.0952,-0.2143,-0.2143
17829,/Users/orram/Tensorleap/data/warehouse/dataset/subset-3/2019-12-17_10/Cam2/1576593487.3206942.jpg,1280,720,9,0,0,9,2,4,7,0.3333,0.2222,0.2667,0.693,6,0.7709,6,6,3,0.5,0.6667,0.5714,0.7013,12,0.7085,2,5,7,0.2857,0.2222,0.25,0.6743,7,0.7611,False,False,False,-0.0167,-0.3214,-0.3214
17830,/Users/orram/Tensorleap/data/warehouse/dataset/subset-3/2019-12-17_10/Cam2/1576593508.2480676.jpg,1280,720,8,0,0,8,1,7,7,0.125,0.125,0.125,0.608,8,0.6159,2,7,6,0.2222,0.25,0.2353,0.6675,9,0.6674,1,4,7,0.2,0.125,0.1538,0.7457,5,0.6406,True,False,False,0.0288,-0.0815,-0.0815
17831,/Users/orram/Tensorleap/data/warehouse/dataset/subset-3/2019-12-17_10/Cam2/1576593518.2141604.jpg,1280,720,41,0,0,41,10,21,31,0.3226,0.2439,0.2778,0.6596,31,0.7476,10,15,31,0.4,0.2439,0.303,0.6628,25,0.7509,9,14,32,0.3913,0.2195,0.2812,0.6546,23,0.7578,True,False,False,0.0034,-0.0218,-0.0218
17832,/Users/orram/Tensorleap/data/warehouse/dataset/subset-3/2019-12-17_10/Cam2/1576593521.5320606.jpg,1280,720,40,0,0,40,10,21,30,0.3226,0.25,0.2817,0.6055,31,0.7113,8,19,32,0.2963,0.2,0.2388,0.6124,27,0.6534,12,16,28,0.4286,0.3,0.3529,0.6448,28,0.6831,True,True,True,0.0712,0.1141,0.0712
17833,/Users/orram/Tensorleap/data/warehouse/dataset/subset-3/2019-12-17_10/Cam2/1576593528.1848657.jpg,1280,720,38,0,0,38,11,17,27,0.3929,0.2895,0.3333,0.631,28,0.7065,11,19,27,0.3667,0.2895,0.3235,0.658,30,0.6214,12,13,26,0.48,0.3158,0.381,0.6668,25,0.5876,True,True,True,0.0477,0.0575,0.0477
17834,/Users/orram/Tensorleap/data/warehouse/dataset/subset-3/2019-12-17_10/Cam2/1576593532.6064692.jpg,1280,720,33,0,0,33,13,16,20,0.4483,0.3939,0.4194,0.6799,29,0.6653,14,17,19,0.4516,0.4242,0.4375,0.6705,31,0.6422,10,10,23,0.5,0.303,0.3774,0.688,20,0.6441,False,False,False,-0.042,-0.0601,-0.0601
17835,/Users/orram/Tensorleap/data/warehouse/dataset/subset-3/2019-12-17_10/Cam2/1576593535.932596.jpg,1280,720,34,0,0,34,11,20,23,0.3548,0.3235,0.3385,0.6715,31,0.5208,14,16,20,0.4667,0.4118,0.4375,0.6893,30,0.6113,12,11,22,0.5217,0.3529,0.4211,0.696,23,0.6433,True,False,False,0.0826,-0.0164,-0.0164
17836,/Users/orram/Tensorleap/data/warehouse/dataset/subset-3/2019-12-17_10/Cam2/1576593544.8011425.jpg,1280,720,33,0,0,33,17,13,16,0.5667,0.5152,0.5397,0.6711,30,0.6936,21,15,12,0.5833,0.6364,0.6087,0.656,36,0.6375,16,21,17,0.4324,0.4848,0.4571,0.663,37,0.6361,False,False,False,-0.0826,-0.1516,-0.1516
17837,/Users/orram/Tensorleap/data/warehouse/dataset/subset-3/2019-12-17_10/Cam2/1576593561.4432447.jpg,1280,720,19,0,0,19,11,19,8,0.3667,0.5789,0.449,0.639,30,0.765,13,13,6,0.5,0.6842,0.5778,0.6461,26,0.7661,14,15,5,0.4828,0.7368,0.5833,0.6644,29,0.7389,True,True,True,0.1343,0.0055,0.0055
17838,/Users/orram/Tensorleap/data/warehouse/dataset/subset-3/2019-12-17_10/Cam2/1576593563.665514.jpg,1280,720,21,0,0,21,14,15,7,0.4828,0.6667,0.56,0.6467,29,0.7619,13,12,8,0.52,0.619,0.5652,0.6162,25,0.7971,15,7,6,0.6818,0.7143,0.6977,0.6686,22,0.7575,True,True,True,0.1377,0.1325,0.1325
17839,/Users/orram/Tensorleap/data/warehouse/dataset/subset-3/2019-12-17_10/Cam2/1576593570.306953.jpg,1280,720,14,0,0,14,14,6,0,0.7,1.0,0.8235,0.7169,20,0.7993,13,4,1,0.7647,0.9286,0.8387,0.7343,17,0.8154,11,5,3,0.6875,0.7857,0.7333,0.7515,16,0.7809,False,False,False,-0.0902,-0.1054,-0.1054
17840,/Users/orram/Tensorleap/data/warehouse/dataset/subset-3/2019-12-17_10/Cam2/1576593573.6356003.jpg,1280,720,14,0,0,14,11,4,3,0.7333,0.7857,0.7586,0.7385,15,0.8377,8,9,6,0.4706,0.5714,0.5161,0.6917,17,0.8454,9,8,5,0.5294,0.6429,0.5806,0.6976,17,0.8376,False,True,False,-0.178,0.0645,-0.178
17841,/Users/orram/Tensorleap/data/warehouse/dataset/subset-3/2019-12-17_10/Cam2/1576593590.2573757.jpg,1280,720,15,0,0,15,9,10,6,0.4737,0.6,0.5294,0.7413,19,0.8153,8,6,7,0.5714,0.5333,0.5517,0.7855,14,0.8395,8,8,7,0.5,0.5333,0.5161,0.7544,16,0.8285,False,False,False,-0.0133,-0.0356,-0.0356
17842,/Users/orram/Tensorleap/data/warehouse/dataset/subset-3/2019-12-17_10/Cam2/1576593637.8418956.jpg,1280,720,28,0,0,28,12,16,16,0.4286,0.4286,0.4286,0.6963,28,0.6911,17,17,11,0.5,0.6071,0.5484,0.6964,34,0.6744,12,13,16,0.48,0.4286,0.4528,0.7076,25,0.6998,True,False,False,0.0242,-0.0956,-0.0956
17843,/Users/orram/Tensorleap/data/warehouse/dataset/subset-3/2019-12-17_10/Cam2/1576593654.4494734.jpg,1280,720,8,0,0,8,1,5,7,0.1667,0.125,0.1429,0.7693,6,0.7371,1,8,7,0.1111,0.125,0.1176,0.6118,9,0.7975,2,6,6,0.25,0.25,0.25,0.677,8,0.7757,True,True,True,0.1071,0.1324,0.1071
17844,/Users/orram/Tensorleap/data/warehouse/dataset/subset-3/2019-12-17_10/Cam2/1576593657.771204.jpg,1280,720,5,0,0,5,4,2,1,0.6667,0.8,0.7273,0.6299,6,0.8384,2,4,3,0.3333,0.4,0.3636,0.7161,6,0.8386,3,2,2,0.6,0.6,0.6,0.8055,5,0.8454,False,True,False,-0.1273,0.2364,-0.1273
17845,/Users/orram/Tensorleap/data/warehouse/dataset/subset-3/2019-12-17_10/Cam2/1576593673.2193732.jpg,1280,720,17,0,0,17,12,9,5,0.5714,0.7059,0.6316,0.6923,21,0.6464,12,5,5,0.7059,0.7059,0.7059,0.6568,17,0.6089,9,2,8,0.8182,0.5294,0.6429,0.6585,11,0.4776,True,False,False,0.0113,-0.063,-0.063
17846,/Users/orram/Tensorleap/data/warehouse/dataset/subset-3/2019-12-17_10/Cam2/1576593688.7166314.jpg,1280,720,36,1,0,35,11,17,25,0.3929,0.3056,0.3438,0.6661,28,0.645,13,13,23,0.5,0.3611,0.4194,0.6538,26,0.6632,11,13,25,0.4583,0.3056,0.3667,0.6376,24,0.6562,True,False,False,0.0229,-0.0527,-0.0527
17847,/Users/orram/Tensorleap/data/warehouse/dataset/subset-3/2019-12-17_10/Cam2/1576593702.019606.jpg,1280,720,27,3,0,24,9,29,18,0.2368,0.3333,0.2769,0.6574,38,0.7045,7,27,20,0.2059,0.2593,0.2295,0.693,34,0.7133,9,20,18,0.3103,0.3333,0.3214,0.6899,29,0.6981,True,True,True,0.0445,0.0919,0.0445
17848,/Users/orram/Tensorleap/data/warehouse/dataset/subset-3/2019-12-17_10/Cam2/1576593718.669624.jpg,1280,720,12,0,0,12,11,7,1,0.6111,0.9167,0.7333,0.7601,18,0.8033,11,4,1,0.7333,0.9167,0.8148,0.7678,15,0.8163,10,6,2,0.625,0.8333,0.7143,0.7406,16,0.7837,False,False,False,-0.019,-0.1005,-0.1005
17849,/Users/orram/Tensorleap/data/warehouse/dataset/subset-3/2019-12-17_10/Cam2/1576593725.3284476.jpg,1280,720,10,0,0,10,7,0,3,1.0,0.7,0.8235,0.762,7,0.8146,7,0,3,1.0,0.7,0.8235,0.7851,7,0.8313,7,1,3,0.875,0.7,0.7778,0.779,8,0.8131,False,False,False,-0.0457,-0.0457,-0.0457
17850,/Users/orram/Tensorleap/data/warehouse/dataset/subset-3/2019-12-17_10/Cam2/1576593726.4424362.jpg,1280,720,9,0,0,9,7,1,2,0.875,0.7778,0.8235,0.75,8,0.8039,6,0,3,1.0,0.6667,0.8,0.7644,6,0.827,5,0,4,1.0,0.5556,0.7143,0.7434,5,0.8306,False,False,False,-0.1092,-0.0857,-0.1092
17851,/Users/orram/Tensorleap/data/warehouse/dataset/subset-3/2019-12-17_10/Cam2/1576593738.6806135.jpg,1280,720,5,0,0,5,2,3,3,0.4,0.4,0.4,0.8588,5,0.893,4,1,1,0.8,0.8,0.8,0.8002,5,0.8905,2,1,3,0.6667,0.4,0.5,0.8659,3,0.8838,True,False,False,0.1,-0.3,-0.3
17852,/Users/orram/Tensorleap/data/warehouse/dataset/subset-3/2019-12-17_10/Cam2/1576593744.226137.jpg,1280,720,12,0,0,12,7,1,5,0.875,0.5833,0.7,0.62,8,0.7371,7,1,5,0.875,0.5833,0.7,0.6742,8,0.8274,5,2,7,0.7143,0.4167,0.5263,0.7025,7,0.7329,False,False,False,-0.1737,-0.1737,-0.1737
17853,/Users/orram/Tensorleap/data/warehouse/dataset/subset-3/2019-12-17_10/Cam2/1576593747.5447216.jpg,1280,720,5,0,0,5,3,2,2,0.6,0.6,0.6,0.7564,5,0.8969,5,1,0,0.8333,1.0,0.9091,0.7427,6,0.9141,2,1,3,0.6667,0.4,0.5,0.8381,3,0.9079,False,False,False,-0.1,-0.4091,-0.4091
17854,/Users/orram/Tensorleap/data/warehouse/dataset/subset-3/2019-12-17_10/Cam2/1576593749.7599623.jpg,1280,720,8,0,0,8,7,3,1,0.7,0.875,0.7778,0.6812,10,0.8944,8,3,0,0.7273,1.0,0.8421,0.7452,11,0.8327,8,3,0,0.7273,1.0,0.8421,0.7603,11,0.8916,True,False,False,0.0643,0.0,0.0
17855,/Users/orram/Tensorleap/data/warehouse/dataset/subset-3/2019-12-17_10/Cam2/1576593760.8596108.jpg,1280,720,5,0,0,5,4,3,1,0.5714,0.8,0.6667,0.736,7,0.8898,5,2,0,0.7143,1.0,0.8333,0.696,7,0.8597,4,0,1,1.0,0.8,0.8889,0.7313,4,0.8725,True,True,True,0.2222,0.0556,0.0556
17856,/Users/orram/Tensorleap/data/warehouse/dataset/subset-3/2019-12-17_10/Cam2/1576593764.1843698.jpg,1280,720,6,0,0,6,5,3,1,0.625,0.8333,0.7143,0.7699,8,0.8849,6,2,0,0.75,1.0,0.8571,0.7105,8,0.8953,5,3,1,0.625,0.8333,0.7143,0.8338,8,0.8761,False,False,False,0.0,-0.1428,-0.1428
17857,/Users/orram/Tensorleap/data/warehouse/dataset/subset-3/2019-12-17_10/Cam2/1576593768.608338.jpg,1280,720,35,0,0,35,10,21,25,0.3226,0.2857,0.303,0.5975,31,0.6415,11,26,24,0.2973,0.3143,0.3056,0.5906,37,0.7049,10,21,25,0.3226,0.2857,0.303,0.5881,31,0.7177,False,False,False,0.0,-0.0026,-0.0026
17858,/Users/orram/Tensorleap/data/warehouse/dataset/subset-3/2019-12-17_10/Cam2/1576593776.371877.jpg,1280,720,47,0,0,47,21,22,26,0.4884,0.4468,0.4667,0.6555,43,0.754,19,22,28,0.4634,0.4043,0.4318,0.6778,41,0.8037,19,24,28,0.4419,0.4043,0.4222,0.7061,43,0.847,False,False,False,-0.0445,-0.0096,-0.0445
17859,/Users/orram/Tensorleap/data/warehouse/dataset/subset-3/2019-12-17_10/Cam2/1576593777.4801116.jpg,1280,720,44,0,0,44,15,25,29,0.375,0.3409,0.3571,0.6686,40,0.8044,20,17,24,0.5405,0.4545,0.4938,0.6387,37,0.8814,16,30,28,0.3478,0.3636,0.3556,0.6535,46,0.7859,False,False,False,-0.0015,-0.1382,-0.1382
17860,/Users/orram/Tensorleap/data/warehouse/dataset/subset-3/2019-12-17_10/Cam2/1576593784.1234353.jpg,1280,720,34,0,0,34,19,18,15,0.5135,0.5588,0.5352,0.6761,37,0.7549,20,20,14,0.5,0.5882,0.5405,0.6859,40,0.7691,18,22,16,0.45,0.5294,0.4865,0.6628,40,0.8086,False,False,False,-0.0487,-0.054,-0.054
17861,/Users/orram/Tensorleap/data/warehouse/dataset/subset-3/2019-12-17_10/Cam2/1576593804.0853293.jpg,1280,720,26,0,0,26,13,11,13,0.5417,0.5,0.52,0.7236,24,0.8986,13,17,13,0.4333,0.5,0.4643,0.7198,30,0.896,12,15,14,0.4444,0.4615,0.4528,0.6923,27,0.9003,False,False,False,-0.0672,-0.0115,-0.0672
17862,/Users/orram/Tensorleap/data/warehouse/dataset/subset-3/2019-12-17_10/Cam2/1576593810.7481027.jpg,1280,720,21,0,0,21,8,15,13,0.3478,0.381,0.3636,0.6994,23,0.8573,8,23,13,0.2581,0.381,0.3077,0.7138,31,0.8767,13,13,8,0.5,0.619,0.5532,0.642,26,0.8661,True,True,True,0.1896,0.2455,0.1896
17863,/Users/orram/Tensorleap/data/warehouse/dataset/subset-3/2019-12-17_10/Cam2/1576593821.8116693.jpg,1280,720,15,0,0,15,11,9,4,0.55,0.7333,0.6286,0.7026,20,0.8595,12,6,3,0.6667,0.8,0.7273,0.6672,18,0.9005,11,5,4,0.6875,0.7333,0.7097,0.6751,16,0.8299,True,False,False,0.0811,-0.0176,-0.0176
17864,/Users/orram/Tensorleap/data/warehouse/dataset/subset-3/2019-12-17_10/Cam2/1576593828.424003.jpg,1280,720,5,0,0,5,4,1,1,0.8,0.8,0.8,0.7508,5,0.8031,4,0,1,1.0,0.8,0.8889,0.8115,4,0.8624,4,0,1,1.0,0.8,0.8889,0.7824,4,0.8693,True,False,False,0.0889,0.0,0.0
17865,/Users/orram/Tensorleap/data/warehouse/dataset/subset-3/2019-12-17_10/Cam2/1576593831.7377126.jpg,1280,720,2,0,0,2,1,1,1,0.5,0.5,0.5,0.7824,2,0.9118,2,2,0,0.5,1.0,0.6667,0.7221,4,0.9355,2,0,0,1.0,1.0,1.0,0.6348,2,0.9141,True,True,True,0.5,0.3333,0.3333
17866,/Users/orram/Tensorleap/data/warehouse/dataset/subset-3/2019-12-17_10/Cam2/1576593859.3884783.jpg,1280,720,53,0,0,53,18,26,35,0.4091,0.3396,0.3711,0.679,44,0.7233,19,23,34,0.4524,0.3585,0.4,0.6594,42,0.7653,17,20,36,0.4595,0.3208,0.3778,0.6818,37,0.7244,True,False,False,0.0067,-0.0222,-0.0222
17867,/Users/orram/Tensorleap/data/warehouse/dataset/subset-3/2019-12-17_10/Cam2/1576593863.814415.jpg,1280,720,30,0,0,30,14,44,16,0.2414,0.4667,0.3182,0.6793,58,0.8519,18,34,12,0.3462,0.6,0.439,0.6457,52,0.871,15,20,15,0.4286,0.5,0.4615,0.6918,35,0.8367,True,True,True,0.1433,0.0225,0.0225
17868,/Users/orram/Tensorleap/data/warehouse/dataset/subset-3/2019-12-17_10/Cam2/1576593868.2477756.jpg,1280,720,32,0,0,32,19,41,13,0.3167,0.5938,0.413,0.6856,60,0.8406,19,30,13,0.3878,0.5938,0.4691,0.6833,49,0.8505,22,24,10,0.4783,0.6875,0.5641,0.674,46,0.8065,True,True,True,0.1511,0.095,0.095
17869,/Users/orram/Tensorleap/data/warehouse/dataset/subset-3/2019-12-17_10/Cam2/1576593898.1755474.jpg,1280,720,10,0,0,10,9,4,1,0.6923,0.9,0.7826,0.6795,13,0.7813,9,4,1,0.6923,0.9,0.7826,0.7101,13,0.762,10,2,0,0.8333,1.0,0.9091,0.6872,12,0.8012,True,True,True,0.1265,0.1265,0.1265
17870,/Users/orram/Tensorleap/data/warehouse/dataset/subset-3/2019-12-17_10/Cam2/1576593905.9443617.jpg,1280,720,8,0,0,8,7,1,1,0.875,0.875,0.875,0.6171,8,0.8125,6,0,2,1.0,0.75,0.8571,0.6112,6,0.8216,6,0,2,1.0,0.75,0.8571,0.5904,6,0.8299,False,False,False,-0.0179,0.0,-0.0179
17871,/Users/orram/Tensorleap/data/warehouse/dataset/subset-3/2019-12-17_10/Cam2/1576593913.7256072.jpg,1280,720,7,0,0,7,5,2,2,0.7143,0.7143,0.7143,0.8251,7,0.8463,5,2,2,0.7143,0.7143,0.7143,0.8402,7,0.8509,6,1,1,0.8571,0.8571,0.8571,0.7737,7,0.8545,True,True,True,0.1428,0.1428,0.1428
17872,/Users/orram/Tensorleap/data/warehouse/dataset/subset-3/2019-12-17_10/Cam2/1576593920.3993304.jpg,1280,720,3,0,0,3,3,0,0,1.0,1.0,1.0,0.776,3,0.8688,3,0,0,1.0,1.0,1.0,0.7783,3,0.8655,3,0,0,1.0,1.0,1.0,0.7483,3,0.9136,False,False,False,0.0,0.0,0.0
17873,/Users/orram/Tensorleap/data/warehouse/dataset/subset-3/2019-12-17_10/Cam2/1576593927.0723524.jpg,1280,720,1,0,0,1,1,0,0,1.0,1.0,1.0,0.8316,1,0.8226,1,0,0,1.0,1.0,1.0,0.8771,1,0.8219,1,1,0,0.5,1.0,0.6667,0.8643,2,0.8006,False,False,False,-0.3333,-0.3333,-0.3333
17874,/Users/orram/Tensorleap/data/warehouse/dataset/subset-3/2019-12-17_10/Cam2/1576593940.370928.jpg,1280,720,87,0,1,86,30,27,57,0.5263,0.3448,0.4167,0.6604,57,0.7822,33,23,54,0.5893,0.3793,0.4615,0.6739,56,0.8055,20,11,67,0.6452,0.2299,0.339,0.7165,31,0.8279,False,False,False,-0.0777,-0.1225,-0.1225
17875,/Users/orram/Tensorleap/data/warehouse/dataset/subset-3/2019-12-17_10/Cam2/1576593945.920499.jpg,1280,720,103,0,1,102,36,36,67,0.5,0.3495,0.4114,0.6572,72,0.795,39,37,64,0.5132,0.3786,0.4358,0.6557,76,0.8238,33,29,70,0.5323,0.3204,0.4,0.6794,62,0.8369,False,False,False,-0.0114,-0.0358,-0.0358
17876,/Users/orram/Tensorleap/data/warehouse/dataset/subset-3/2019-12-17_10/Cam2/1576593957.04642.jpg,1280,720,94,0,1,93,47,38,47,0.5529,0.5,0.5251,0.6386,85,0.7996,51,37,43,0.5795,0.5426,0.5604,0.652,88,0.9035,47,31,47,0.6026,0.5,0.5465,0.6561,78,0.8951,True,False,False,0.0214,-0.0139,-0.0139
17877,/Users/orram/Tensorleap/data/warehouse/dataset/subset-3/2019-12-17_10/Cam2/1576593958.1598845.jpg,1280,720,100,0,1,99,39,43,61,0.4756,0.39,0.4286,0.6291,82,0.7847,45,40,55,0.5294,0.45,0.4865,0.6384,85,0.8866,47,44,53,0.5165,0.47,0.4921,0.6496,91,0.8437,True,True,True,0.0635,0.0056,0.0056
17878,/Users/orram/Tensorleap/data/warehouse/dataset/subset-3/2019-12-17_10/Cam2/1576593967.0332532.jpg,1280,720,102,2,1,99,66,32,36,0.6735,0.6471,0.66,0.6289,98,0.7658,65,26,37,0.7143,0.6373,0.6736,0.6316,91,0.7958,70,32,32,0.6863,0.6863,0.6863,0.6301,102,0.7807,True,True,True,0.0263,0.0127,0.0127
17879,/Users/orram/Tensorleap/data/warehouse/dataset/subset-3/2019-12-17_10/Cam2/1576594012.4955127.jpg,1280,720,3,0,0,3,1,3,2,0.25,0.3333,0.2857,0.9163,4,0.8652,1,4,2,0.2,0.3333,0.25,0.9243,5,0.9003,1,3,2,0.25,0.3333,0.2857,0.91,4,0.9072,False,True,False,0.0,0.0357,0.0
17882,/Users/orram/Tensorleap/data/warehouse/dataset/subset-3/2019-12-17_10/Cam2/1576594072.2628043.jpg,1280,720,7,0,0,7,5,2,2,0.7143,0.7143,0.7143,0.6905,7,0.6801,7,5,0,0.5833,1.0,0.7368,0.667,12,0.7656,6,4,1,0.6,0.8571,0.7059,0.6697,10,0.7686,False,False,False,-0.0084,-0.0309,-0.0309
17883,/Users/orram/Tensorleap/data/warehouse/dataset/subset-3/2019-12-17_10/Cam2/1576594075.5834293.jpg,1280,720,12,0,0,12,7,7,5,0.5,0.5833,0.5385,0.6785,14,0.7916,5,14,7,0.2632,0.4167,0.3226,0.6229,19,0.8112,8,8,4,0.5,0.6667,0.5714,0.6407,16,0.7855,True,True,True,0.0329,0.2488,0.0329
17904,/Users/orram/Tensorleap/data/warehouse/dataset/subset-3/2019-12-17_10/Cam2/1576594357.3295338.jpg,1280,720,2,0,0,2,1,2,1,0.3333,0.5,0.4,0.6441,3,0.6114,1,1,1,0.5,0.5,0.5,0.6287,2,0.6971,1,2,1,0.3333,0.5,0.4,0.6642,3,0.5622,False,False,False,0.0,-0.1,-0.1
17905,/Users/orram/Tensorleap/data/warehouse/dataset/subset-3/2019-12-17_10/Cam2/1576594365.0557141.jpg,1280,720,1,0,0,1,1,1,0,0.5,1.0,0.6667,0.8148,2,0.6678,1,0,0,1.0,1.0,1.0,0.785,1,0.7142,1,2,0,0.3333,1.0,0.5,0.7712,3,0.8058,False,False,False,-0.1667,-0.5,-0.5
17919,/Users/orram/Tensorleap/data/warehouse/dataset/subset-3/2019-12-17_10/Cam2/1576594497.6992497.jpg,1280,720,1,0,0,1,1,0,0,1.0,1.0,1.0,0.7108,1,0.633,1,3,0,0.25,1.0,0.4,0.696,4,0.7651,1,1,0,0.5,1.0,0.6667,0.6821,2,0.7808,False,True,False,-0.3333,0.2667,-0.3333
17933,/Users/orram/Tensorleap/data/warehouse/dataset/subset-3/2019-12-17_10/Cam2/1576594636.9054596.jpg,1280,720,0,0,0,0,0,3,0,0.0,0.0,0.0,0.0,3,0.4064,0,1,0,0.0,0.0,0.0,0.0,1,0.3706,0,0,0,0.0,0.0,0.0,0.0,0,0.0,False,False,False,0.0,0.0,0.0
17934,/Users/orram/Tensorleap/data/warehouse/dataset/subset-3/2019-12-17_10/Cam2/1576594649.042594.jpg,1280,720,3,0,0,3,0,0,3,0.0,0.0,0.0,0.0,0,0.0,0,1,3,0.0,0.0,0.0,0.0,1,0.3131,0,0,3,0.0,0.0,0.0,0.0,0,0.0,False,False,False,0.0,0.0,0.0
17936,/Users/orram/Tensorleap/data/warehouse/dataset/subset-3/2019-12-17_10/Cam2/1576594665.5962262.jpg,1280,720,3,0,0,3,3,0,0,1.0,1.0,1.0,0.7851,3,0.788,3,0,0,1.0,1.0,1.0,0.7399,3,0.8396,3,0,0,1.0,1.0,1.0,0.7479,3,0.8175,False,False,False,0.0,0.0,0.0
17937,/Users/orram/Tensorleap/data/warehouse/dataset/subset-3/2019-12-17_10/Cam2/1576594708.8158681.jpg,1280,720,34,0,0,34,12,2,22,0.8571,0.3529,0.5,0.6438,14,0.7042,10,2,24,0.8333,0.2941,0.4348,0.6672,12,0.7609,12,3,22,0.8,0.3529,0.4898,0.6674,15,0.751,False,True,False,-0.0102,0.055,-0.0102
17940,/Users/orram/Tensorleap/data/warehouse/dataset/subset-3/2019-12-17_10/Cam2/1576594750.8598065.jpg,1280,720,0,0,0,0,0,7,0,0.0,0.0,0.0,0.0,7,0.7617,0,4,0,0.0,0.0,0.0,0.0,4,0.6695,0,3,0,0.0,0.0,0.0,0.0,3,0.7815,False,False,False,0.0,0.0,0.0
17941,/Users/orram/Tensorleap/data/warehouse/dataset/subset-3/2019-12-17_10/Cam2/1576594751.9590912.jpg,1280,720,7,0,2,5,4,5,3,0.4444,0.5714,0.5,0.7383,9,0.7271,4,4,3,0.5,0.5714,0.5333,0.7184,8,0.715,5,1,2,0.8333,0.7143,0.7692,0.6652,6,0.7882,True,True,True,0.2692,0.2359,0.2359
17942,/Users/orram/Tensorleap/data/warehouse/dataset/subset-3/2019-12-17_10/Cam2/1576594785.2154918.jpg,1280,720,29,0,0,29,17,16,12,0.5152,0.5862,0.5484,0.6498,33,0.7668,18,15,11,0.5455,0.6207,0.5806,0.6635,33,0.8093,20,10,9,0.6667,0.6897,0.678,0.6641,30,0.7564,True,True,True,0.1296,0.0974,0.0974
17943,/Users/orram/Tensorleap/data/warehouse/dataset/subset-3/2019-12-17_10/Cam2/1576594808.466832.jpg,1280,720,23,0,0,23,10,7,13,0.5882,0.4348,0.5,0.6833,17,0.6959,12,4,11,0.75,0.5217,0.6154,0.6929,16,0.7766,11,4,12,0.7333,0.4783,0.5789,0.6866,15,0.7407,True,False,False,0.0789,-0.0365,-0.0365
17944,/Users/orram/Tensorleap/data/warehouse/dataset/subset-3/2019-12-17_10/Cam2/1576594811.8003807.jpg,1280,720,3,0,0,3,0,2,3,0.0,0.0,0.0,0.0,2,0.3559,0,0,3,0.0,0.0,0.0,0.0,0,0.0,0,0,3,0.0,0.0,0.0,0.0,0,0.0,False,False,False,0.0,0.0,0.0
17951,/Users/orram/Tensorleap/data/warehouse/dataset/subset-3/2019-12-17_10/Cam2/1576594911.3370287.jpg,1280,720,0,0,0,0,0,0,0,0.0,0.0,0.0,0.0,0,0.0,0,0,0,0.0,0.0,0.0,0.0,0,0.0,0,1,0,0.0,0.0,0.0,0.0,1,0.3604,False,False,False,0.0,0.0,0.0
17975,/Users/orram/Tensorleap/data/warehouse/dataset/subset-3/2019-12-17_10/Cam2/1576595214.374307.jpg,1280,720,9,0,0,9,4,8,5,0.3333,0.4444,0.381,0.6227,12,0.418,7,14,2,0.3333,0.7778,0.4667,0.6208,21,0.5011,7,11,2,0.3889,0.7778,0.5185,0.6681,18,0.4334,True,True,True,0.1375,0.0518,0.0518
17976,/Users/orram/Tensorleap/data/warehouse/dataset/subset-3/2019-12-17_10/Cam2/1576595238.6918523.jpg,1280,720,19,0,0,19,13,16,6,0.4483,0.6842,0.5417,0.6721,29,0.4901,13,14,6,0.4815,0.6842,0.5652,0.6321,27,0.5533,14,10,5,0.5833,0.7368,0.6512,0.6163,24,0.5432,True,True,True,0.1095,0.086,0.086
17977,/Users/orram/Tensorleap/data/warehouse/dataset/subset-3/2019-12-17_10/Cam2/1576595243.110925.jpg,1280,720,44,0,0,44,27,26,17,0.5094,0.6136,0.5567,0.6318,53,0.5189,21,32,23,0.3962,0.4773,0.433,0.6619,53,0.5884,22,29,22,0.4314,0.5,0.4632,0.6462,51,0.5799,False,True,False,-0.0935,0.0302,-0.0935
17978,/Users/orram/Tensorleap/data/warehouse/dataset/subset-3/2019-12-17_10/Cam2/1576595279.6040392.jpg,1280,720,20,0,0,20,4,18,16,0.1818,0.2,0.1905,0.6124,22,0.4685,10,23,10,0.303,0.5,0.3774,0.6104,33,0.4626,6,5,14,0.5455,0.3,0.3871,0.6357,11,0.3654,True,True,True,0.1966,0.0097,0.0097
17985,/Users/orram/Tensorleap/data/warehouse/dataset/subset-3/2019-12-17_10/Cam2/1576595395.6331656.jpg,1280,720,0,0,0,0,0,0,0,0.0,0.0,0.0,0.0,0,0.0,0,1,0,0.0,0.0,0.0,0.0,1,0.4373,0,0,0,0.0,0.0,0.0,0.0,0,0.0,False,False,False,0.0,0.0,0.0
17986,/Users/orram/Tensorleap/data/warehouse/dataset/subset-3/2019-12-17_10/Cam2/1576595405.596364.jpg,1280,720,28,0,0,28,0,0,28,0.0,0.0,0.0,0.0,0,0.0,0,0,28,0.0,0.0,0.0,0.0,0,0.0,0,0,28,0.0,0.0,0.0,0.0,0,0.0,False,False,False,0.0,0.0,0.0
17989,/Users/orram/Tensorleap/data/warehouse/dataset/subset-3/2019-12-17_10/Cam2/1576595507.7781327.jpg,1280,720,5,0,1,4,4,5,1,0.4444,0.8,0.5714,0.7416,9,0.7786,4,3,1,0.5714,0.8,0.6667,0.7737,7,0.842,5,3,0,0.625,1.0,0.7692,0.8025,8,0.7955,True,True,True,0.1978,0.1025,0.1025
17990,/Users/orram/Tensorleap/data/warehouse/dataset/subset-3/2019-12-17_10/Cam2/1576595508.888185.jpg,1280,720,10,0,1,9,10,2,0,0.8333,1.0,0.9091,0.7472,12,0.7893,8,2,2,0.8,0.8,0.8,0.695,10,0.8089,7,1,3,0.875,0.7,0.7778,0.7524,8,0.8006,False,False,False,-0.1313,-0.0222,-0.1313
17991,/Users/orram/Tensorleap/data/warehouse/dataset/subset-3/2019-12-17_10/Cam2/1576595524.4387383.jpg,1280,720,14,0,0,14,10,2,4,0.8333,0.7143,0.7692,0.7091,12,0.8525,9,6,5,0.6,0.6429,0.6207,0.7774,15,0.8804,9,2,5,0.8182,0.6429,0.72,0.7826,11,0.8742,False,True,False,-0.0492,0.0993,-0.0492
17992,/Users/orram/Tensorleap/data/warehouse/dataset/subset-3/2019-12-17_10/Cam2/1576595545.458618.jpg,1280,720,40,0,0,40,16,18,24,0.4706,0.4,0.4324,0.661,34,0.7036,20,18,20,0.5263,0.5,0.5128,0.6804,38,0.7351,16,15,24,0.5161,0.4,0.4507,0.6585,31,0.7729,True,False,False,0.0183,-0.0621,-0.0621
17993,/Users/orram/Tensorleap/data/warehouse/dataset/subset-3/2019-12-17_10/Cam2/1576595551.001503.jpg,1280,720,42,0,0,42,20,24,22,0.4545,0.4762,0.4651,0.6876,44,0.7781,17,22,25,0.4359,0.4048,0.4198,0.6888,39,0.7508,20,28,22,0.4167,0.4762,0.4444,0.6807,48,0.8333,False,True,False,-0.0207,0.0246,-0.0207
17994,/Users/orram/Tensorleap/data/warehouse/dataset/subset-3/2019-12-17_10/Cam2/1576595563.1955411.jpg,1280,720,36,0,0,36,23,16,13,0.5897,0.6389,0.6133,0.6937,39,0.7552,25,7,11,0.7812,0.6944,0.7353,0.6879,32,0.7827,24,13,12,0.6486,0.6667,0.6575,0.6932,37,0.7998,True,False,False,0.0442,-0.0778,-0.0778
17995,/Users/orram/Tensorleap/data/warehouse/dataset/subset-3/2019-12-17_10/Cam2/1576595566.5323262.jpg,1280,720,36,0,0,36,22,8,14,0.7333,0.6111,0.6667,0.6963,30,0.8017,24,13,12,0.6486,0.6667,0.6575,0.6862,37,0.8551,21,10,15,0.6774,0.5833,0.6269,0.6731,31,0.8009,False,False,False,-0.0398,-0.0306,-0.0398
17996,/Users/orram/Tensorleap/data/warehouse/dataset/subset-3/2019-12-17_10/Cam2/1576595583.1546211.jpg,1280,720,15,0,0,15,8,6,7,0.5714,0.5333,0.5517,0.6939,14,0.8045,8,8,7,0.5,0.5333,0.5161,0.7284,16,0.8008,10,8,5,0.5556,0.6667,0.6061,0.6861,18,0.708,True,True,True,0.0544,0.09,0.0544
17997,/Users/orram/Tensorleap/data/warehouse/dataset/subset-3/2019-12-17_10/Cam2/1576595599.740872.jpg,1280,720,22,0,0,22,10,12,12,0.4545,0.4545,0.4545,0.7125,22,0.7392,12,13,10,0.48,0.5455,0.5106,0.6618,25,0.8,11,12,11,0.4783,0.5,0.4889,0.7015,23,0.7909,True,False,False,0.0344,-0.0217,-0.0217
17998,/Users/orram/Tensorleap/data/warehouse/dataset/subset-3/2019-12-17_10/Cam2/1576595600.8559668.jpg,1280,720,21,0,0,21,11,13,10,0.4583,0.5238,0.4889,0.6451,24,0.7642,12,9,9,0.5714,0.5714,0.5714,0.6173,21,0.8089,11,16,10,0.4074,0.5238,0.4583,0.6452,27,0.7985,False,False,False,-0.0306,-0.1131,-0.1131
17999,/Users/orram/Tensorleap/data/warehouse/dataset/subset-3/2019-12-17_10/Cam2/1576595616.3199894.jpg,1280,720,5,0,0,5,5,0,0,1.0,1.0,1.0,0.7945,5,0.8,4,1,1,0.8,0.8,0.8,0.6601,5,0.8051,4,0,1,1.0,0.8,0.8889,0.7305,4,0.8565,False,True,False,-0.1111,0.0889,-0.1111
18000,/Users/orram/Tensorleap/data/warehouse/dataset/subset-3/2019-12-17_10/Cam2/1576595630.689656.jpg,1280,720,63,0,0,63,24,23,39,0.5106,0.381,0.4364,0.6887,47,0.8235,23,20,40,0.5349,0.3651,0.434,0.6729,43,0.8596,25,14,38,0.641,0.3968,0.4902,0.6965,39,0.8234,True,True,True,0.0538,0.0562,0.0538
18001,/Users/orram/Tensorleap/data/warehouse/dataset/subset-3/2019-12-17_10/Cam2/1576595657.2947965.jpg,1280,720,21,0,0,21,11,11,10,0.5,0.5238,0.5116,0.6562,22,0.8284,13,11,8,0.5417,0.619,0.5778,0.6465,24,0.8289,12,16,9,0.4286,0.5714,0.4898,0.6271,28,0.7932,False,False,False,-0.0218,-0.088,-0.088
18002,/Users/orram/Tensorleap/data/warehouse/dataset/subset-3/2019-12-17_10/Cam2/1576595672.8055425.jpg,1280,720,7,0,0,7,6,2,1,0.75,0.8571,0.8,0.7748,8,0.7849,6,0,1,1.0,0.8571,0.9231,0.7908,6,0.7995,6,1,1,0.8571,0.8571,0.8571,0.7859,7,0.8216,True,False,False,0.0571,-0.066,-0.066
18003,/Users/orram/Tensorleap/data/warehouse/dataset/subset-3/2019-12-17_10/Cam2/1576595673.9205296.jpg,1280,720,8,0,0,8,6,1,2,0.8571,0.75,0.8,0.6963,7,0.8222,6,1,2,0.8571,0.75,0.8,0.6876,7,0.817,6,1,2,0.8571,0.75,0.8,0.7102,7,0.8202,False,False,False,0.0,0.0,0.0
18004,/Users/orram/Tensorleap/data/warehouse/dataset/subset-3/2019-12-17_10/Cam2/1576595681.6959949.jpg,1280,720,6,0,0,6,5,0,1,1.0,0.8333,0.9091,0.7628,5,0.8497,4,0,2,1.0,0.6667,0.8,0.7962,4,0.8614,4,0,2,1.0,0.6667,0.8,0.8212,4,0.8501,False,False,False,-0.1091,0.0,-0.1091
18005,/Users/orram/Tensorleap/data/warehouse/dataset/subset-3/2019-12-17_10/Cam2/1576595683.9264448.jpg,1280,720,3,0,0,3,3,1,0,0.75,1.0,0.8571,0.8755,4,0.8482,3,1,0,0.75,1.0,0.8571,0.8858,4,0.8672,3,1,0,0.75,1.0,0.8571,0.8701,4,0.8683,False,False,False,0.0,0.0,0.0
18006,/Users/orram/Tensorleap/data/warehouse/dataset/subset-3/2019-12-17_10/Cam2/1576595691.6846511.jpg,1280,720,1,0,0,1,1,1,0,0.5,1.0,0.6667,0.5573,2,0.7044,1,1,0,0.5,1.0,0.6667,0.5801,2,0.7742,1,0,0,1.0,1.0,1.0,0.5495,1,0.7729,True,True,True,0.3333,0.3333,0.3333
18007,/Users/orram/Tensorleap/data/warehouse/dataset/subset-3/2019-12-17_10/Cam2/1576595700.5243104.jpg,1280,720,79,0,1,78,29,20,50,0.5918,0.3671,0.4531,0.6382,49,0.7687,26,14,53,0.65,0.3291,0.437,0.6435,40,0.8041,9,7,70,0.5625,0.1139,0.1895,0.6904,16,0.806,False,False,False,-0.2636,-0.2475,-0.2636
18008,/Users/orram/Tensorleap/data/warehouse/dataset/subset-3/2019-12-17_10/Cam2/1576595710.5028307.jpg,1280,720,108,3,0,105,60,42,48,0.5882,0.5556,0.5714,0.6514,102,0.7221,62,43,46,0.5905,0.5741,0.5822,0.6573,105,0.7431,71,44,37,0.6174,0.6574,0.6368,0.6502,115,0.7231,True,True,True,0.0654,0.0546,0.0546
18009,/Users/orram/Tensorleap/data/warehouse/dataset/subset-3/2019-12-17_10/Cam2/1576595718.2912374.jpg,1280,720,81,0,0,81,50,26,31,0.6579,0.6173,0.6369,0.6649,76,0.8391,53,18,28,0.7465,0.6543,0.6974,0.6549,71,0.8261,50,19,31,0.7246,0.6173,0.6667,0.6527,69,0.8344,True,False,False,0.0298,-0.0307,-0.0307
18010,/Users/orram/Tensorleap/data/warehouse/dataset/subset-3/2019-12-17_10/Cam2/1576595719.398574.jpg,1280,720,50,0,0,50,25,15,25,0.625,0.5,0.5556,0.7143,40,0.8196,25,12,25,0.6757,0.5,0.5747,0.6941,37,0.8352,26,9,24,0.7429,0.52,0.6118,0.6895,35,0.8313,True,True,True,0.0562,0.0371,0.0371
18011,/Users/orram/Tensorleap/data/warehouse/dataset/subset-3/2019-12-17_10/Cam2/1576595758.1803427.jpg,1280,720,49,0,0,49,30,23,19,0.566,0.6122,0.5882,0.6644,53,0.7955,30,27,19,0.5263,0.6122,0.566,0.6879,57,0.7755,32,21,17,0.6038,0.6531,0.6275,0.696,53,0.7941,True,True,True,0.0393,0.0615,0.0393
18012,/Users/orram/Tensorleap/data/warehouse/dataset/subset-3/2019-12-17_10/Cam2/1576595765.9201767.jpg,1280,720,33,0,0,33,21,15,12,0.5833,0.6364,0.6087,0.6399,36,0.825,22,16,11,0.5789,0.6667,0.6197,0.6533,38,0.8641,23,13,10,0.6389,0.697,0.6667,0.6607,36,0.8467,True,True,True,0.058,0.047,0.047
18013,/Users/orram/Tensorleap/data/warehouse/dataset/subset-3/2019-12-17_10/Cam2/1576595769.2215612.jpg,1280,720,34,0,0,34,21,9,13,0.7,0.6176,0.6562,0.6762,30,0.7843,22,12,12,0.6471,0.6471,0.6471,0.7216,34,0.8155,24,8,10,0.75,0.7059,0.7273,0.6924,32,0.8237,True,True,True,0.0711,0.0802,0.0711
18014,/Users/orram/Tensorleap/data/warehouse/dataset/subset-3/2019-12-17_10/Cam2/1576595775.848846.jpg,1280,720,20,0,0,20,16,9,4,0.64,0.8,0.7111,0.72,25,0.8022,15,7,5,0.6818,0.75,0.7143,0.706,22,0.8539,16,4,4,0.8,0.8,0.8,0.7047,20,0.8368,True,True,True,0.0889,0.0857,0.0857
18015,/Users/orram/Tensorleap/data/warehouse/dataset/subset-3/2019-12-17_10/Cam2/1576595778.055106.jpg,1280,720,18,0,0,18,14,2,4,0.875,0.7778,0.8235,0.7239,16,0.8118,14,1,4,0.9333,0.7778,0.8485,0.7186,15,0.8274,15,1,3,0.9375,0.8333,0.8824,0.7007,16,0.813,True,True,True,0.0589,0.0339,0.0339
18016,/Users/orram/Tensorleap/data/warehouse/dataset/subset-3/2019-12-17_10/Cam2/1576595779.1603146.jpg,1280,720,17,0,0,17,11,4,6,0.7333,0.6471,0.6875,0.7603,15,0.8101,11,3,6,0.7857,0.6471,0.7097,0.7237,14,0.8443,12,4,5,0.75,0.7059,0.7273,0.7352,16,0.8203,True,True,True,0.0398,0.0176,0.0176
18017,/Users/orram/Tensorleap/data/warehouse/dataset/subset-3/2019-12-17_10/Cam2/1576595787.995095.jpg,1280,720,2,0,0,2,1,0,1,1.0,0.5,0.6667,0.512,1,0.8334,2,0,0,1.0,1.0,1.0,0.7043,2,0.7327,1,0,1,1.0,0.5,0.6667,0.5627,1,0.8538,False,False,False,0.0,-0.3333,-0.3333
18018,/Users/orram/Tensorleap/data/warehouse/dataset/subset-3/2019-12-17_10/Cam2/1576595797.925233.jpg,1280,720,102,0,1,101,45,26,57,0.6338,0.4412,0.5202,0.6801,71,0.7723,47,28,55,0.6267,0.4608,0.5311,0.6905,75,0.7879,49,29,53,0.6282,0.4804,0.5444,0.6737,78,0.752,True,True,True,0.0242,0.0133,0.0133
18019,/Users/orram/Tensorleap/data/warehouse/dataset/subset-3/2019-12-17_10/Cam2/1576595800.150642.jpg,1280,720,86,0,1,85,41,35,45,0.5395,0.4767,0.5062,0.6511,76,0.787,35,40,51,0.4667,0.407,0.4348,0.6804,75,0.8004,37,37,49,0.5,0.4302,0.4625,0.6923,74,0.7959,False,True,False,-0.0437,0.0277,-0.0437
18020,/Users/orram/Tensorleap/data/warehouse/dataset/subset-3/2019-12-17_10/Cam2/1576595802.370941.jpg,1280,720,98,0,1,97,46,27,52,0.6301,0.4694,0.538,0.6863,73,0.7843,52,21,46,0.7123,0.5306,0.6082,0.6911,73,0.8514,52,30,46,0.6341,0.5306,0.5778,0.687,82,0.7928,True,False,False,0.0398,-0.0304,-0.0304
18021,/Users/orram/Tensorleap/data/warehouse/dataset/subset-3/2019-12-17_10/Cam2/1576595812.345956.jpg,1280,720,74,0,1,73,41,33,33,0.5541,0.5541,0.5541,0.6693,74,0.8615,44,35,30,0.557,0.5946,0.5752,0.6638,79,0.8533,39,44,35,0.4699,0.527,0.4968,0.6728,83,0.8506,False,False,False,-0.0573,-0.0784,-0.0784
18022,/Users/orram/Tensorleap/data/warehouse/dataset/subset-3/2019-12-17_10/Cam2/1576595824.528761.jpg,1280,720,70,0,1,69,39,27,31,0.5909,0.5571,0.5735,0.7078,66,0.7846,43,24,27,0.6418,0.6143,0.6277,0.7287,67,0.7949,38,30,32,0.5588,0.5429,0.5507,0.7358,68,0.7686,False,False,False,-0.0228,-0.077,-0.077
18023,/Users/orram/Tensorleap/data/warehouse/dataset/subset-3/2019-12-17_10/Cam2/1576595844.463255.jpg,1280,720,32,0,2,30,24,6,8,0.8,0.75,0.7742,0.7021,30,0.8703,25,9,7,0.7353,0.7812,0.7576,0.7156,34,0.8637,24,8,8,0.75,0.75,0.75,0.7159,32,0.8515,False,False,False,-0.0242,-0.0076,-0.0242
18024,/Users/orram/Tensorleap/data/warehouse/dataset/subset-3/2019-12-17_10/Cam2/1576595868.8089387.jpg,1280,720,58,3,1,54,38,18,20,0.6786,0.6552,0.6667,0.7133,56,0.884,37,18,21,0.6727,0.6379,0.6549,0.678,55,0.8967,37,17,21,0.6852,0.6379,0.6607,0.7187,54,0.9341,False,True,False,-0.006,0.0058,-0.006
18025,/Users/orram/Tensorleap/data/warehouse/dataset/subset-3/2019-12-17_10/Cam2/1576595895.373012.jpg,1280,720,70,0,0,70,33,22,37,0.6,0.4714,0.528,0.6895,55,0.8378,38,24,32,0.6129,0.5429,0.5758,0.6771,62,0.8566,39,23,31,0.629,0.5571,0.5909,0.6557,62,0.8374,True,True,True,0.0629,0.0151,0.0151
18026,/Users/orram/Tensorleap/data/warehouse/dataset/subset-3/2019-12-17_10/Cam2/1576595902.008711.jpg,1280,720,62,0,0,62,34,35,28,0.4928,0.5484,0.5191,0.6748,69,0.8478,35,31,27,0.5303,0.5645,0.5469,0.6743,66,0.8214,36,31,26,0.5373,0.5806,0.5581,0.652,67,0.8272,True,True,True,0.039,0.0112,0.0112
18027,/Users/orram/Tensorleap/data/warehouse/dataset/subset-3/2019-12-17_10/Cam2/1576595933.0072467.jpg,1280,720,37,0,0,37,25,20,12,0.5556,0.6757,0.6098,0.6844,45,0.8619,22,15,15,0.5946,0.5946,0.5946,0.7006,37,0.8507,23,16,14,0.5897,0.6216,0.6053,0.6935,39,0.8122,False,True,False,-0.0045,0.0107,-0.0045
18028,/Users/orram/Tensorleap/data/warehouse/dataset/subset-3/2019-12-17_10/Cam2/1576595942.9556265.jpg,1280,720,19,0,0,19,16,2,3,0.8889,0.8421,0.8649,0.7299,18,0.8317,16,2,3,0.8889,0.8421,0.8649,0.757,18,0.8777,16,0,3,1.0,0.8421,0.9143,0.7898,16,0.8493,True,True,True,0.0494,0.0494,0.0494
18029,/Users/orram/Tensorleap/data/warehouse/dataset/subset-3/2019-12-17_10/Cam2/1576595966.202824.jpg,1280,720,76,0,0,76,45,17,31,0.7258,0.5921,0.6522,0.6649,62,0.767,45,22,31,0.6716,0.5921,0.6294,0.6854,67,0.8387,42,22,34,0.6562,0.5526,0.6,0.673,64,0.7554,False,False,False,-0.0522,-0.0294,-0.0522
18030,/Users/orram/Tensorleap/data/warehouse/dataset/subset-3/2019-12-17_10/Cam2/1576595970.6384943.jpg,1280,720,68,0,0,68,42,21,26,0.6667,0.6176,0.6412,0.7168,63,0.8938,41,26,27,0.6119,0.6029,0.6074,0.7055,67,0.8993,40,26,28,0.6061,0.5882,0.597,0.6943,66,0.8895,False,False,False,-0.0442,-0.0104,-0.0442
18031,/Users/orram/Tensorleap/data/warehouse/dataset/subset-3/2019-12-17_10/Cam2/1576595981.7109313.jpg,1280,720,75,0,0,75,41,25,34,0.6212,0.5467,0.5816,0.7034,66,0.8397,46,24,29,0.6571,0.6133,0.6345,0.6987,70,0.8409,40,33,35,0.5479,0.5333,0.5405,0.7124,73,0.8376,False,False,False,-0.0411,-0.094,-0.094
18032,/Users/orram/Tensorleap/data/warehouse/dataset/subset-3/2019-12-17_10/Cam2/1576595995.011055.jpg,1280,720,49,0,0,49,34,10,15,0.7727,0.6939,0.7312,0.7053,44,0.8263,35,13,14,0.7292,0.7143,0.7216,0.7311,48,0.8301,34,11,15,0.7556,0.6939,0.7234,0.7202,45,0.8183,False,True,False,-0.0078,0.0018,-0.0078
18033,/Users/orram/Tensorleap/data/warehouse/dataset/subset-3/2019-12-17_10/Cam2/1576595996.120844.jpg,1280,720,47,0,0,47,27,20,20,0.5745,0.5745,0.5745,0.6978,47,0.7991,29,19,18,0.6042,0.617,0.6105,0.7157,48,0.7934,28,15,19,0.6512,0.5957,0.6222,0.705,43,0.7728,True,True,True,0.0477,0.0117,0.0117
18034,/Users/orram/Tensorleap/data/warehouse/dataset/subset-3/2019-12-17_10/Cam2/1576596011.6031158.jpg,1280,720,33,0,0,33,19,11,14,0.6333,0.5758,0.6032,0.6607,30,0.8254,20,7,13,0.7407,0.6061,0.6667,0.6601,27,0.8507,19,9,14,0.6786,0.5758,0.623,0.6556,28,0.8419,True,False,False,0.0198,-0.0437,-0.0437
18035,/Users/orram/Tensorleap/data/warehouse/dataset/subset-3/2019-12-17_10/Cam2/1576596016.0424404.jpg,1280,720,50,0,0,50,14,15,36,0.4828,0.28,0.3544,0.7194,29,0.8628,16,10,34,0.6154,0.32,0.4211,0.699,26,0.8996,15,9,35,0.625,0.3,0.4054,0.6856,24,0.8788,True,False,False,0.051,-0.0157,-0.0157
18036,/Users/orram/Tensorleap/data/warehouse/dataset/subset-3/2019-12-17_10/Cam2/1576596019.3746989.jpg,1280,720,46,2,0,44,22,16,24,0.5789,0.4783,0.5238,0.6488,38,0.8712,28,9,18,0.7568,0.6087,0.6747,0.6623,37,0.8606,32,10,14,0.7619,0.6957,0.7273,0.6711,42,0.8427,True,True,True,0.2035,0.0526,0.0526
18037,/Users/orram/Tensorleap/data/warehouse/dataset/subset-3/2019-12-17_10/Cam2/1576596041.4990866.jpg,1280,720,64,0,0,64,47,21,17,0.6912,0.7344,0.7121,0.7123,68,0.831,42,16,22,0.7241,0.6562,0.6885,0.6764,58,0.8322,46,18,18,0.7188,0.7188,0.7188,0.6446,64,0.8214,True,True,True,0.0067,0.0303,0.0067
18038,/Users/orram/Tensorleap/data/warehouse/dataset/subset-3/2019-12-17_10/Cam2/1576596068.0650651.jpg,1280,720,47,0,0,47,28,20,19,0.5833,0.5957,0.5895,0.6913,48,0.7837,34,20,13,0.6296,0.7234,0.6733,0.6959,54,0.8101,34,13,13,0.7234,0.7234,0.7234,0.6698,47,0.7799,True,True,True,0.1339,0.0501,0.0501
18039,/Users/orram/Tensorleap/data/warehouse/dataset/subset-3/2019-12-17_10/Cam2/1576596073.6020415.jpg,1280,720,31,0,0,31,18,16,13,0.5294,0.5806,0.5538,0.663,34,0.7704,20,15,11,0.5714,0.6452,0.6061,0.6671,35,0.8021,22,17,9,0.5641,0.7097,0.6286,0.6844,39,0.8268,True,True,True,0.0748,0.0225,0.0225
18040,/Users/orram/Tensorleap/data/warehouse/dataset/subset-3/2019-12-17_10/Cam2/1576596075.8142662.jpg,1280,720,22,0,0,22,8,40,14,0.1667,0.3636,0.2286,0.6704,48,0.7776,9,33,13,0.2143,0.4091,0.2812,0.6909,42,0.783,12,31,10,0.2791,0.5455,0.3692,0.6626,43,0.7726,True,True,True,0.1406,0.088,0.088
18041,/Users/orram/Tensorleap/data/warehouse/dataset/subset-3/2019-12-17_10/Cam2/1576596079.1252608.jpg,1280,720,42,0,0,42,24,18,18,0.5714,0.5714,0.5714,0.6534,42,0.7986,25,16,17,0.6098,0.5952,0.6024,0.6803,41,0.7993,25,15,17,0.625,0.5952,0.6098,0.652,40,0.7848,True,True,True,0.0384,0.0074,0.0074
18042,/Users/orram/Tensorleap/data/warehouse/dataset/subset-3/2019-12-17_10/Cam2/1576596099.078278.jpg,1280,720,25,0,0,25,17,12,8,0.5862,0.68,0.6296,0.7054,29,0.8607,17,16,8,0.5152,0.68,0.5862,0.7232,33,0.856,18,17,7,0.5143,0.72,0.6,0.6809,35,0.8421,False,True,False,-0.0296,0.0138,-0.0296
18043,/Users/orram/Tensorleap/data/warehouse/dataset/subset-3/2019-12-17_10/Cam2/1576596102.396161.jpg,1280,720,8,0,0,8,4,15,4,0.2105,0.5,0.2963,0.6239,19,0.6741,4,10,4,0.2857,0.5,0.3636,0.7218,14,0.7231,5,5,3,0.5,0.625,0.5556,0.7137,10,0.7716,True,True,True,0.2593,0.192,0.192
18044,/Users/orram/Tensorleap/data/warehouse/dataset/subset-3/2019-12-17_10/Cam2/1576596103.5024178.jpg,1280,720,6,0,0,6,4,3,2,0.5714,0.6667,0.6154,0.6967,7,0.5904,3,2,3,0.6,0.5,0.5455,0.7248,5,0.7045,5,3,1,0.625,0.8333,0.7143,0.6694,8,0.8054,True,True,True,0.0989,0.1688,0.0989
18045,/Users/orram/Tensorleap/data/warehouse/dataset/subset-3/2019-12-17_10/Cam2/1576596128.965546.jpg,1280,720,47,2,0,45,20,12,27,0.625,0.4255,0.5063,0.6746,32,0.7743,19,20,28,0.4872,0.4043,0.4419,0.6864,39,0.7998,18,22,29,0.45,0.383,0.4138,0.687,40,0.8005,False,False,False,-0.0925,-0.0281,-0.0925
18046,/Users/orram/Tensorleap/data/warehouse/dataset/subset-3/2019-12-17_10/Cam2/1576596164.465101.jpg,1280,720,55,2,0,53,25,30,30,0.4545,0.4545,0.4545,0.6703,55,0.7999,27,23,28,0.54,0.4909,0.5143,0.678,50,0.7942,25,23,30,0.5208,0.4545,0.4854,0.676,48,0.7525,True,False,False,0.0309,-0.0289,-0.0289
18047,/Users/orram/Tensorleap/data/warehouse/dataset/subset-3/2019-12-17_10/Cam2/1576596172.2105803.jpg,1280,720,56,2,1,53,33,23,23,0.5893,0.5893,0.5893,0.6658,56,0.7776,33,23,23,0.5893,0.5893,0.5893,0.6562,56,0.7773,23,31,33,0.4259,0.4107,0.4182,0.6612,54,0.7363,False,False,False,-0.1711,-0.1711,-0.1711
18048,/Users/orram/Tensorleap/data/warehouse/dataset/subset-3/2019-12-17_10/Cam2/1576596182.1788533.jpg,1280,720,47,2,1,44,24,25,23,0.4898,0.5106,0.5,0.6814,49,0.8417,27,22,20,0.551,0.5745,0.5625,0.6687,49,0.8597,26,27,21,0.4906,0.5532,0.52,0.6727,53,0.832,True,False,False,0.02,-0.0425,-0.0425
18049,/Users/orram/Tensorleap/data/warehouse/dataset/subset-3/2019-12-17_10/Cam2/1576596185.4985235.jpg,1280,720,44,2,1,41,20,29,24,0.4082,0.4545,0.4301,0.678,49,0.7968,22,22,22,0.5,0.5,0.5,0.6892,44,0.8406,23,17,21,0.575,0.5227,0.5476,0.6747,40,0.8135,True,True,True,0.1175,0.0476,0.0476
18050,/Users/orram/Tensorleap/data/warehouse/dataset/subset-3/2019-12-17_10/Cam2/1576596191.0563583.jpg,1280,720,32,2,0,30,19,15,13,0.5588,0.5938,0.5758,0.689,34,0.8613,17,14,15,0.5484,0.5312,0.5397,0.6945,31,0.873,17,16,15,0.5152,0.5312,0.5231,0.6888,33,0.8539,False,False,False,-0.0527,-0.0166,-0.0527
18051,/Users/orram/Tensorleap/data/warehouse/dataset/subset-3/2019-12-17_10/Cam2/1576596193.2728524.jpg,1280,720,43,2,1,40,17,14,26,0.5484,0.3953,0.4595,0.6757,31,0.8199,12,11,31,0.5217,0.2791,0.3636,0.672,23,0.8495,14,22,29,0.3889,0.3256,0.3544,0.6384,36,0.8248,False,False,False,-0.1051,-0.0092,-0.1051
18052,/Users/orram/Tensorleap/data/warehouse/dataset/subset-3/2019-12-17_10/Cam2/1576596198.8168786.jpg,1280,720,32,3,2,27,7,5,25,0.5833,0.2188,0.3182,0.6786,12,0.8731,4,6,28,0.4,0.125,0.1905,0.5495,10,0.6761,2,8,30,0.2,0.0625,0.0952,0.593,10,0.6918,False,False,False,-0.223,-0.0953,-0.223
18053,/Users/orram/Tensorleap/data/warehouse/dataset/subset-3/2019-12-17_10/Cam2/1576596208.7799718.jpg,1280,720,9,0,1,8,1,3,8,0.25,0.1111,0.1538,0.6968,4,0.6619,2,1,7,0.6667,0.2222,0.3333,0.7545,3,0.6421,3,2,6,0.6,0.3333,0.4286,0.7002,5,0.7698,True,True,True,0.2748,0.0953,0.0953
18054,/Users/orram/Tensorleap/data/warehouse/dataset/subset-3/2019-12-17_10/Cam2/1576596250.9407437.jpg,1280,720,56,1,0,55,36,19,20,0.6545,0.6429,0.6486,0.7526,55,0.776,38,20,18,0.6552,0.6786,0.6667,0.7252,58,0.8199,37,16,19,0.6981,0.6607,0.6789,0.7569,53,0.8214,True,True,True,0.0303,0.0122,0.0122
18055,/Users/orram/Tensorleap/data/warehouse/dataset/subset-3/2019-12-17_10/Cam2/1576596253.1534717.jpg,1280,720,53,0,0,53,51,7,2,0.8793,0.9623,0.9189,0.7312,58,0.8148,49,1,4,0.98,0.9245,0.9515,0.7508,50,0.8185,51,2,2,0.9623,0.9623,0.9623,0.7596,53,0.8332,True,True,True,0.0434,0.0108,0.0108
18056,/Users/orram/Tensorleap/data/warehouse/dataset/subset-3/2019-12-17_10/Cam2/1576596275.2649894.jpg,1280,720,7,1,1,5,7,3,0,0.7,1.0,0.8235,0.696,10,0.8479,5,4,2,0.5556,0.7143,0.625,0.6768,9,0.8049,6,4,1,0.6,0.8571,0.7059,0.6857,10,0.8458,False,True,False,-0.1176,0.0809,-0.1176
18057,/Users/orram/Tensorleap/data/warehouse/dataset/subset-3/2019-12-17_10/Cam2/1576596277.4606686.jpg,1280,720,7,1,1,5,7,2,0,0.7778,1.0,0.875,0.78,9,0.917,5,2,2,0.7143,0.7143,0.7143,0.7619,7,0.8886,5,3,2,0.625,0.7143,0.6667,0.7481,8,0.8874,False,False,False,-0.2083,-0.0476,-0.2083
18058,/Users/orram/Tensorleap/data/warehouse/dataset/subset-3/2019-12-17_10/Cam2/1576596280.7879384.jpg,1280,720,5,0,1,4,5,5,0,0.5,1.0,0.6667,0.7385,10,0.8568,4,2,1,0.6667,0.8,0.7273,0.7041,6,0.8456,4,3,1,0.5714,0.8,0.6667,0.6835,7,0.841,False,False,False,0.0,-0.0606,-0.0606
18059,/Users/orram/Tensorleap/data/warehouse/dataset/subset-3/2019-12-17_10/Cam2/1576596289.6226382.jpg,1280,720,1,0,1,0,1,4,0,0.2,1.0,0.3333,0.9236,5,0.888,0,5,1,0.0,0.0,0.0,0.0,5,0.8205,0,2,1,0.0,0.0,0.0,0.0,2,0.9098,False,False,False,-0.3333,0.0,-0.3333
18060,/Users/orram/Tensorleap/data/warehouse/dataset/subset-3/2019-12-17_10/Cam2/1576596295.1383312.jpg,1280,720,2,1,1,0,2,1,0,0.6667,1.0,0.8,0.7551,3,0.8054,1,2,1,0.3333,0.5,0.4,0.8412,3,0.7945,0,2,2,0.0,0.0,0.0,0.0,2,0.8122,False,False,False,-0.8,-0.4,-0.8
18061,/Users/orram/Tensorleap/data/warehouse/dataset/subset-3/2019-12-17_10/Cam2/1576596309.4976642.jpg,1280,720,6,0,0,6,2,5,4,0.2857,0.3333,0.3077,0.6676,7,0.8199,3,2,3,0.6,0.5,0.5455,0.5839,5,0.8398,3,1,3,0.75,0.5,0.6,0.6473,4,0.6919,True,True,True,0.2923,0.0545,0.0545
18062,/Users/orram/Tensorleap/data/warehouse/dataset/subset-3/2019-12-17_10/Cam2/1576596317.2281942.jpg,1280,720,1,0,0,1,0,0,1,0.0,0.0,0.0,0.0,0,0.0,0,1,1,0.0,0.0,0.0,0.0,1,0.5362,0,0,1,0.0,0.0,0.0,0.0,0,0.0,False,False,False,0.0,0.0,0.0
18063,/Users/orram/Tensorleap/data/warehouse/dataset/subset-3/2019-12-17_10/Cam2/1576596318.3354807.jpg,1280,720,1,0,0,1,0,1,1,0.0,0.0,0.0,0.0,1,0.3206,0,0,1,0.0,0.0,0.0,0.0,0,0.0,0,0,1,0.0,0.0,0.0,0.0,0,0.0,False,False,False,0.0,0.0,0.0
18064,/Users/orram/Tensorleap/data/warehouse/dataset/subset-3/2019-12-17_10/Cam3/1576591650.075923.jpg,1280,960,39,0,1,38,21,12,18,0.6364,0.5385,0.5833,0.7137,33,0.8238,25,15,14,0.625,0.641,0.6329,0.6959,40,0.8494,21,10,18,0.6774,0.5385,0.6,0.7046,31,0.8409,True,False,False,0.0167,-0.0329,-0.0329
18065,/Users/orram/Tensorleap/data/warehouse/dataset/subset-3/2019-12-17_10/Cam3/1576591696.7704532.jpg,1280,960,41,2,0,39,35,1,6,0.9722,0.8537,0.9091,0.7784,36,0.8282,35,6,6,0.8537,0.8537,0.8537,0.7968,41,0.8361,39,2,2,0.9512,0.9512,0.9512,0.7882,41,0.8543,True,True,True,0.0421,0.0975,0.0421
18066,/Users/orram/Tensorleap/data/warehouse/dataset/subset-3/2019-12-17_10/Cam3/1576591715.5371668.jpg,1280,960,1,0,0,1,1,0,0,1.0,1.0,1.0,0.5449,1,0.6162,1,0,0,1.0,1.0,1.0,0.6597,1,0.6314,0,1,1,0.0,0.0,0.0,0.0,1,0.5032,False,False,False,-1.0,-1.0,-1.0
18067,/Users/orram/Tensorleap/data/warehouse/dataset/subset-3/2019-12-17_10/Cam3/1576591984.727255.jpg,1280,960,2,0,0,2,2,1,0,0.6667,1.0,0.8,0.5639,3,0.622,2,1,0,0.6667,1.0,0.8,0.605,3,0.6733,2,2,0,0.5,1.0,0.6667,0.5653,4,0.517,False,False,False,-0.1333,-0.1333,-0.1333
18068,/Users/orram/Tensorleap/data/warehouse/dataset/subset-3/2019-12-17_10/Cam3/1576591988.0365093.jpg,1280,960,2,0,0,2,1,1,1,0.5,0.5,0.5,0.7396,2,0.6778,1,7,1,0.125,0.5,0.2,0.7234,8,0.7362,1,2,1,0.3333,0.5,0.4,0.733,3,0.7318,False,True,False,-0.1,0.2,-0.1
18069,/Users/orram/Tensorleap/data/warehouse/dataset/subset-3/2019-12-17_10/Cam3/1576591991.5046675.jpg,1280,960,2,0,0,2,2,0,0,1.0,1.0,1.0,0.6608,2,0.6281,2,0,0,1.0,1.0,1.0,0.661,2,0.7321,1,1,1,0.5,0.5,0.5,0.7696,2,0.7079,False,False,False,-0.5,-0.5,-0.5
18070,/Users/orram/Tensorleap/data/warehouse/dataset/subset-3/2019-12-17_10/Cam3/1576592026.16082.jpg,1280,960,66,0,0,66,34,35,32,0.4928,0.5152,0.5037,0.7122,69,0.8151,36,37,30,0.4932,0.5455,0.518,0.693,73,0.8155,32,32,34,0.5,0.4848,0.4923,0.7259,64,0.8336,False,False,False,-0.0114,-0.0257,-0.0257
18071,/Users/orram/Tensorleap/data/warehouse/dataset/subset-3/2019-12-17_10/Cam3/1576592036.3340125.jpg,1280,960,56,0,0,56,25,41,31,0.3788,0.4464,0.4098,0.6559,66,0.7467,26,39,30,0.4,0.4643,0.4298,0.6487,65,0.7696,25,31,31,0.4464,0.4464,0.4464,0.6695,56,0.7822,True,True,True,0.0366,0.0166,0.0166
18072,/Users/orram/Tensorleap/data/warehouse/dataset/subset-3/2019-12-17_10/Cam3/1576592038.557247.jpg,1280,960,53,0,0,53,30,39,23,0.4348,0.566,0.4918,0.6616,69,0.7504,29,38,24,0.4328,0.5472,0.4833,0.6724,67,0.789,27,33,26,0.45,0.5094,0.4779,0.6529,60,0.7595,False,False,False,-0.0139,-0.0054,-0.0139
18073,/Users/orram/Tensorleap/data/warehouse/dataset/subset-3/2019-12-17_10/Cam3/1576592053.2420192.jpg,1280,960,51,0,0,51,38,17,13,0.6909,0.7451,0.717,0.6838,55,0.7566,38,11,13,0.7755,0.7451,0.76,0.7069,49,0.7924,38,14,13,0.7308,0.7451,0.7379,0.7069,52,0.7775,True,False,False,0.0209,-0.0221,-0.0221
18074,/Users/orram/Tensorleap/data/warehouse/dataset/subset-3/2019-12-17_10/Cam3/1576592061.221497.jpg,1280,960,36,0,0,36,24,9,12,0.7273,0.6667,0.6957,0.6638,33,0.7785,25,16,11,0.6098,0.6944,0.6494,0.7178,41,0.8201,25,13,11,0.6579,0.6944,0.6757,0.6622,38,0.8163,False,True,False,-0.02,0.0263,-0.02
18075,/Users/orram/Tensorleap/data/warehouse/dataset/subset-3/2019-12-17_10/Cam3/1576592119.7962837.jpg,1280,960,31,0,0,31,20,10,11,0.6667,0.6452,0.6557,0.6925,30,0.7841,21,14,10,0.6,0.6774,0.6364,0.6743,35,0.8294,20,10,11,0.6667,0.6452,0.6557,0.6894,30,0.8115,False,True,False,0.0,0.0193,0.0
18076,/Users/orram/Tensorleap/data/warehouse/dataset/subset-3/2019-12-17_10/Cam3/1576592264.5809083.jpg,1280,960,35,0,0,35,24,18,11,0.5714,0.6857,0.6234,0.6957,42,0.7785,24,15,11,0.6154,0.6857,0.6486,0.6968,39,0.8087,24,11,11,0.6857,0.6857,0.6857,0.6934,35,0.8159,True,True,True,0.0623,0.0371,0.0371
18077,/Users/orram/Tensorleap/data/warehouse/dataset/subset-3/2019-12-17_10/Cam3/1576592270.4532018.jpg,1280,960,31,0,0,31,18,9,13,0.6667,0.5806,0.6207,0.7146,27,0.7942,17,11,14,0.6071,0.5484,0.5763,0.7467,28,0.8481,20,6,11,0.7692,0.6452,0.7018,0.7176,26,0.8353,True,True,True,0.0811,0.1255,0.0811
18078,/Users/orram/Tensorleap/data/warehouse/dataset/subset-3/2019-12-17_10/Cam3/1576592459.544231.jpg,1280,960,31,0,0,31,21,5,10,0.8077,0.6774,0.7368,0.6804,26,0.7279,23,5,8,0.8214,0.7419,0.7797,0.6912,28,0.8093,22,5,9,0.8148,0.7097,0.7586,0.7155,27,0.807,True,False,False,0.0218,-0.0211,-0.0211
18079,/Users/orram/Tensorleap/data/warehouse/dataset/subset-3/2019-12-17_10/Cam3/1576592473.2083614.jpg,1280,960,42,0,0,42,22,15,20,0.5946,0.5238,0.557,0.7149,37,0.845,19,11,23,0.6333,0.4524,0.5278,0.6983,30,0.8752,18,10,24,0.6429,0.4286,0.5143,0.7094,28,0.8626,False,False,False,-0.0427,-0.0135,-0.0427
18080,/Users/orram/Tensorleap/data/warehouse/dataset/subset-3/2019-12-17_10/Cam3/1576592475.5418637.jpg,1280,960,41,0,0,41,28,9,13,0.7568,0.6829,0.7179,0.6789,37,0.7983,23,9,18,0.7188,0.561,0.6301,0.6901,32,0.8513,20,6,21,0.7692,0.4878,0.597,0.6875,26,0.8297,False,False,False,-0.1209,-0.0331,-0.1209
18081,/Users/orram/Tensorleap/data/warehouse/dataset/subset-3/2019-12-17_10/Cam3/1576592593.325396.jpg,1280,960,37,0,0,37,19,17,18,0.5278,0.5135,0.5205,0.7091,36,0.8689,22,15,15,0.5946,0.5946,0.5946,0.7104,37,0.883,22,16,15,0.5789,0.5946,0.5867,0.7227,38,0.8777,True,False,False,0.0662,-0.0079,-0.0079
18082,/Users/orram/Tensorleap/data/warehouse/dataset/subset-3/2019-12-17_10/Cam3/1576592622.516215.jpg,1280,960,18,0,0,18,5,8,13,0.3846,0.2778,0.3226,0.725,13,0.8273,5,2,13,0.7143,0.2778,0.4,0.7005,7,0.8569,7,4,11,0.6364,0.3889,0.4828,0.6862,11,0.8643,True,True,True,0.1602,0.0828,0.0828
18083,/Users/orram/Tensorleap/data/warehouse/dataset/subset-3/2019-12-17_10/Cam3/1576592623.6168497.jpg,1280,960,10,0,0,10,7,7,3,0.5,0.7,0.5833,0.7466,14,0.8124,5,2,5,0.7143,0.5,0.5882,0.7372,7,0.8932,3,4,7,0.4286,0.3,0.3529,0.7789,7,0.9067,False,False,False,-0.2304,-0.2353,-0.2353
18084,/Users/orram/Tensorleap/data/warehouse/dataset/subset-3/2019-12-17_10/Cam3/1576592628.2405427.jpg,1280,960,10,0,0,10,8,7,2,0.5333,0.8,0.64,0.7315,15,0.884,5,4,5,0.5556,0.5,0.5263,0.7548,9,0.8536,4,4,6,0.5,0.4,0.4444,0.7302,8,0.9074,False,False,False,-0.1956,-0.0819,-0.1956
18085,/Users/orram/Tensorleap/data/warehouse/dataset/subset-3/2019-12-17_10/Cam3/1576592639.8613625.jpg,1280,960,6,0,0,6,4,0,2,1.0,0.6667,0.8,0.7271,4,0.7806,4,0,2,1.0,0.6667,0.8,0.7322,4,0.8151,4,1,2,0.8,0.6667,0.7273,0.6818,5,0.82,False,False,False,-0.0727,-0.0727,-0.0727
18086,/Users/orram/Tensorleap/data/warehouse/dataset/subset-3/2019-12-17_10/Cam3/1576592642.170992.jpg,1280,960,14,0,0,14,10,2,4,0.8333,0.7143,0.7692,0.7373,12,0.7953,9,3,5,0.75,0.6429,0.6923,0.7403,12,0.839,8,1,6,0.8889,0.5714,0.6957,0.7535,9,0.8258,False,True,False,-0.0735,0.0034,-0.0735
18087,/Users/orram/Tensorleap/data/warehouse/dataset/subset-3/2019-12-17_10/Cam3/1576592649.1018047.jpg,1280,960,23,0,0,23,21,9,2,0.7,0.913,0.7925,0.706,30,0.8452,20,6,3,0.7692,0.8696,0.8163,0.6905,26,0.8724,20,6,3,0.7692,0.8696,0.8163,0.6879,26,0.8702,True,False,False,0.0238,0.0,0.0
18088,/Users/orram/Tensorleap/data/warehouse/dataset/subset-3/2019-12-17_10/Cam3/1576592656.0728772.jpg,1280,960,3,0,0,3,1,3,2,0.25,0.3333,0.2857,0.633,4,0.6634,3,3,0,0.5,1.0,0.6667,0.5915,6,0.791,1,3,2,0.25,0.3333,0.2857,0.5636,4,0.8847,False,False,False,0.0,-0.381,-0.381
18089,/Users/orram/Tensorleap/data/warehouse/dataset/subset-3/2019-12-17_10/Cam3/1576592676.994268.jpg,1280,960,14,0,0,14,10,7,4,0.5882,0.7143,0.6452,0.7521,17,0.8648,10,10,4,0.5,0.7143,0.5882,0.703,20,0.8381,10,2,4,0.8333,0.7143,0.7692,0.7081,12,0.8637,True,True,True,0.124,0.181,0.124
18090,/Users/orram/Tensorleap/data/warehouse/dataset/subset-3/2019-12-17_10/Cam3/1576592678.1032975.jpg,1280,960,14,0,0,14,13,7,1,0.65,0.9286,0.7647,0.745,20,0.8938,12,5,2,0.7059,0.8571,0.7742,0.7207,17,0.8624,12,3,2,0.8,0.8571,0.8276,0.7317,15,0.8476,True,True,True,0.0629,0.0534,0.0534
18091,/Users/orram/Tensorleap/data/warehouse/dataset/subset-3/2019-12-17_10/Cam3/1576592683.6543531.jpg,1280,960,13,0,0,13,10,6,3,0.625,0.7692,0.6897,0.7189,16,0.8661,10,7,3,0.5882,0.7692,0.6667,0.7316,17,0.8793,11,6,2,0.6471,0.8462,0.7333,0.6959,17,0.834,True,True,True,0.0436,0.0666,0.0436
18092,/Users/orram/Tensorleap/data/warehouse/dataset/subset-3/2019-12-17_10/Cam3/1576592742.0851896.jpg,1280,960,23,0,0,23,18,8,5,0.6923,0.7826,0.7347,0.7636,26,0.8638,14,5,9,0.7368,0.6087,0.6667,0.7411,19,0.8889,14,9,9,0.6087,0.6087,0.6087,0.734,23,0.8736,False,False,False,-0.126,-0.058,-0.126
18093,/Users/orram/Tensorleap/data/warehouse/dataset/subset-3/2019-12-17_10/Cam3/1576592746.7789822.jpg,1280,960,18,2,0,16,11,8,7,0.5789,0.6111,0.5946,0.748,19,0.8454,11,7,7,0.6111,0.6111,0.6111,0.6827,18,0.8682,10,8,8,0.5556,0.5556,0.5556,0.7382,18,0.8911,False,False,False,-0.039,-0.0555,-0.0555
18094,/Users/orram/Tensorleap/data/warehouse/dataset/subset-3/2019-12-17_10/Cam3/1576592758.3011672.jpg,1280,960,22,3,0,19,4,3,18,0.5714,0.1818,0.2759,0.764,7,0.8038,4,7,18,0.3636,0.1818,0.2424,0.7466,11,0.7806,7,3,15,0.7,0.3182,0.4375,0.7043,10,0.8031,True,True,True,0.1616,0.1951,0.1616
18095,/Users/orram/Tensorleap/data/warehouse/dataset/subset-3/2019-12-17_10/Cam3/1576592761.7877562.jpg,1280,960,25,2,0,23,11,13,14,0.4583,0.44,0.449,0.6486,24,0.8529,9,11,16,0.45,0.36,0.4,0.6315,20,0.7987,8,8,17,0.5,0.32,0.3902,0.6501,16,0.7915,False,False,False,-0.0588,-0.0098,-0.0588
18096,/Users/orram/Tensorleap/data/warehouse/dataset/subset-3/2019-12-17_10/Cam3/1576592766.5129907.jpg,1280,960,21,1,0,20,13,8,8,0.619,0.619,0.619,0.7064,21,0.7789,13,3,8,0.8125,0.619,0.7027,0.731,16,0.7783,13,6,8,0.6842,0.619,0.65,0.6457,19,0.6559,True,False,False,0.031,-0.0527,-0.0527
18097,/Users/orram/Tensorleap/data/warehouse/dataset/subset-3/2019-12-17_10/Cam3/1576592770.0453465.jpg,1280,960,1,0,1,0,0,2,1,0.0,0.0,0.0,0.0,2,0.5642,0,0,1,0.0,0.0,0.0,0.0,0,0.0,0,0,1,0.0,0.0,0.0,0.0,0,0.0,False,False,False,0.0,0.0,0.0
18099,/Users/orram/Tensorleap/data/warehouse/dataset/subset-3/2019-12-17_10/Cam3/1576592893.506345.jpg,1280,960,29,0,0,29,15,43,14,0.2586,0.5172,0.3448,0.6997,58,0.8072,18,38,11,0.3214,0.6207,0.4235,0.6768,56,0.8042,17,37,12,0.3148,0.5862,0.4096,0.6808,54,0.8027,True,False,False,0.0648,-0.0139,-0.0139
18100,/Users/orram/Tensorleap/data/warehouse/dataset/subset-3/2019-12-17_10/Cam3/1576592899.0502965.jpg,1280,960,26,0,0,26,16,38,10,0.2963,0.6154,0.4,0.64,54,0.7345,16,34,10,0.32,0.6154,0.4211,0.6223,50,0.7925,16,34,10,0.32,0.6154,0.4211,0.6316,50,0.7563,True,False,False,0.0211,0.0,0.0
18101,/Users/orram/Tensorleap/data/warehouse/dataset/subset-3/2019-12-17_10/Cam3/1576592900.1607049.jpg,1280,960,40,0,0,40,19,35,21,0.3519,0.475,0.4043,0.6258,54,0.7373,21,26,19,0.4468,0.525,0.4828,0.6343,47,0.7751,20,27,20,0.4255,0.5,0.4598,0.644,47,0.7439,True,False,False,0.0555,-0.023,-0.023
18102,/Users/orram/Tensorleap/data/warehouse/dataset/subset-3/2019-12-17_10/Cam3/1576592909.0538595.jpg,1280,960,27,0,0,27,15,34,12,0.3061,0.5556,0.3947,0.6207,49,0.763,19,22,8,0.4634,0.7037,0.5588,0.6318,41,0.8175,16,21,11,0.4324,0.5926,0.5,0.6467,37,0.8297,True,False,False,0.1053,-0.0588,-0.0588
18103,/Users/orram/Tensorleap/data/warehouse/dataset/subset-3/2019-12-17_10/Cam3/1576592911.27604.jpg,1280,960,27,0,0,27,12,23,15,0.3429,0.4444,0.3871,0.6631,35,0.7587,16,20,11,0.4444,0.5926,0.5079,0.6369,36,0.8315,15,17,12,0.4688,0.5556,0.5085,0.6532,32,0.8396,True,True,True,0.1214,0.0006,0.0006
18104,/Users/orram/Tensorleap/data/warehouse/dataset/subset-3/2019-12-17_10/Cam3/1576592915.7162588.jpg,1280,960,17,0,0,17,8,17,9,0.32,0.4706,0.381,0.6697,25,0.8351,10,14,7,0.4167,0.5882,0.4878,0.6407,24,0.8451,9,10,8,0.4737,0.5294,0.5,0.6021,19,0.8603,True,True,True,0.119,0.0122,0.0122
18106,/Users/orram/Tensorleap/data/warehouse/dataset/subset-3/2019-12-17_10/Cam3/1576592942.2611804.jpg,1280,960,28,3,0,25,18,25,10,0.4186,0.6429,0.507,0.6975,43,0.8248,21,25,7,0.4565,0.75,0.5676,0.713,46,0.8562,21,25,7,0.4565,0.75,0.5676,0.7202,46,0.86,True,False,False,0.0606,0.0,0.0
18107,/Users/orram/Tensorleap/data/warehouse/dataset/subset-3/2019-12-17_10/Cam3/1576592961.123327.jpg,1280,960,17,3,0,14,7,12,10,0.3684,0.4118,0.3889,0.6675,19,0.8111,9,13,8,0.4091,0.5294,0.4615,0.6645,22,0.8497,8,9,9,0.4706,0.4706,0.4706,0.7107,17,0.842,True,True,True,0.0817,0.0091,0.0091
18108,/Users/orram/Tensorleap/data/warehouse/dataset/subset-3/2019-12-17_10/Cam3/1576593013.2912467.jpg,1280,960,3,0,1,2,2,3,1,0.4,0.6667,0.5,0.851,5,0.8757,2,1,1,0.6667,0.6667,0.6667,0.9028,3,0.9082,2,2,1,0.5,0.6667,0.5714,0.8884,4,0.8793,True,False,False,0.0714,-0.0953,-0.0953
18109,/Users/orram/Tensorleap/data/warehouse/dataset/subset-3/2019-12-17_10/Cam3/1576593017.7446518.jpg,1280,960,3,0,1,2,2,1,1,0.6667,0.6667,0.6667,0.7011,3,0.8837,3,1,0,0.75,1.0,0.8571,0.7528,4,0.7296,2,1,1,0.6667,0.6667,0.6667,0.6712,3,0.7705,False,False,False,0.0,-0.1904,-0.1904
18110,/Users/orram/Tensorleap/data/warehouse/dataset/subset-3/2019-12-17_10/Cam3/1576593019.9726992.jpg,1280,960,2,0,1,1,1,3,1,0.25,0.5,0.3333,0.8681,4,0.6392,1,1,1,0.5,0.5,0.5,0.902,2,0.8021,1,2,1,0.3333,0.5,0.4,0.8716,3,0.7068,True,False,False,0.0667,-0.1,-0.1
18111,/Users/orram/Tensorleap/data/warehouse/dataset/subset-3/2019-12-17_10/Cam3/1576593023.3032465.jpg,1280,960,2,0,1,1,1,2,1,0.3333,0.5,0.4,0.7387,3,0.8272,2,0,0,1.0,1.0,1.0,0.7927,2,0.8084,2,1,0,0.6667,1.0,0.8,0.808,3,0.6757,True,False,False,0.4,-0.2,-0.2
18112,/Users/orram/Tensorleap/data/warehouse/dataset/subset-3/2019-12-17_10/Cam3/1576593028.8559294.jpg,1280,960,18,0,1,17,11,9,7,0.55,0.6111,0.5789,0.636,20,0.8007,12,6,6,0.6667,0.6667,0.6667,0.6608,18,0.8401,12,6,6,0.6667,0.6667,0.6667,0.6749,18,0.8436,True,False,False,0.0878,0.0,0.0
18113,/Users/orram/Tensorleap/data/warehouse/dataset/subset-3/2019-12-17_10/Cam3/1576593056.550383.jpg,1280,960,33,0,0,33,31,5,2,0.8611,0.9394,0.8986,0.7216,36,0.8447,31,8,2,0.7949,0.9394,0.8611,0.7448,39,0.8905,29,4,4,0.8788,0.8788,0.8788,0.7476,33,0.8548,False,True,False,-0.0198,0.0177,-0.0198
18114,/Users/orram/Tensorleap/data/warehouse/dataset/subset-3/2019-12-17_10/Cam3/1576593070.9639418.jpg,1280,960,30,0,0,30,20,13,10,0.6061,0.6667,0.6349,0.731,33,0.8382,20,13,10,0.6061,0.6667,0.6349,0.7516,33,0.8818,19,15,11,0.5588,0.6333,0.5938,0.7329,34,0.8842,False,False,False,-0.0411,-0.0411,-0.0411
18115,/Users/orram/Tensorleap/data/warehouse/dataset/subset-3/2019-12-17_10/Cam3/1576593073.1766663.jpg,1280,960,28,0,0,28,19,15,9,0.5588,0.6786,0.6129,0.7212,34,0.8443,18,15,10,0.5455,0.6429,0.5902,0.709,33,0.8823,20,12,8,0.625,0.7143,0.6667,0.7331,32,0.8461,True,True,True,0.0538,0.0765,0.0538
18116,/Users/orram/Tensorleap/data/warehouse/dataset/subset-3/2019-12-17_10/Cam3/1576593089.7888634.jpg,1280,960,24,0,0,24,20,9,4,0.6897,0.8333,0.7547,0.7708,29,0.8071,20,11,4,0.6452,0.8333,0.7273,0.7439,31,0.8418,22,8,2,0.7333,0.9167,0.8148,0.7499,30,0.8377,True,True,True,0.0601,0.0875,0.0601
18117,/Users/orram/Tensorleap/data/warehouse/dataset/subset-3/2019-12-17_10/Cam3/1576593114.0787768.jpg,1280,960,1,0,0,1,1,0,0,1.0,1.0,1.0,0.9196,1,0.7271,1,1,0,0.5,1.0,0.6667,0.7863,2,0.7058,1,0,0,1.0,1.0,1.0,0.784,1,0.4412,False,True,False,0.0,0.3333,0.0
18118,/Users/orram/Tensorleap/data/warehouse/dataset/subset-3/2019-12-17_10/Cam3/1576593119.6023958.jpg,1280,960,17,0,0,17,8,5,9,0.6154,0.4706,0.5333,0.7125,13,0.7344,10,5,7,0.6667,0.5882,0.625,0.6796,15,0.8259,8,5,9,0.6154,0.4706,0.5333,0.7108,13,0.788,False,False,False,0.0,-0.0917,-0.0917
18119,/Users/orram/Tensorleap/data/warehouse/dataset/subset-3/2019-12-17_10/Cam3/1576593122.9032156.jpg,1280,960,65,0,0,65,37,33,28,0.5286,0.5692,0.5481,0.6648,70,0.797,38,35,27,0.5205,0.5846,0.5507,0.6687,73,0.8589,35,45,30,0.4375,0.5385,0.4828,0.681,80,0.8287,False,False,False,-0.0653,-0.0679,-0.0679
18120,/Users/orram/Tensorleap/data/warehouse/dataset/subset-3/2019-12-17_10/Cam3/1576593133.9669495.jpg,1280,960,37,0,0,37,18,17,19,0.5143,0.4865,0.5,0.71,35,0.7831,22,19,15,0.5366,0.5946,0.5641,0.6925,41,0.8377,19,22,18,0.4634,0.5135,0.4872,0.7036,41,0.8094,False,False,False,-0.0128,-0.0769,-0.0769
18121,/Users/orram/Tensorleap/data/warehouse/dataset/subset-3/2019-12-17_10/Cam3/1576593137.303256.jpg,1280,960,22,0,0,22,15,9,7,0.625,0.6818,0.6522,0.6916,24,0.8185,17,10,5,0.6296,0.7727,0.6939,0.668,27,0.8763,15,12,7,0.5556,0.6818,0.6122,0.6953,27,0.8564,False,False,False,-0.04,-0.0817,-0.0817
18122,/Users/orram/Tensorleap/data/warehouse/dataset/subset-3/2019-12-17_10/Cam3/1576593142.855982.jpg,1280,960,38,0,0,38,23,16,15,0.5897,0.6053,0.5974,0.6903,39,0.8559,25,9,13,0.7353,0.6579,0.6944,0.6693,34,0.8317,26,11,12,0.7027,0.6842,0.6933,0.679,37,0.8532,True,False,False,0.0959,-0.0011,-0.0011
18123,/Users/orram/Tensorleap/data/warehouse/dataset/subset-3/2019-12-17_10/Cam3/1576593143.9579284.jpg,1280,960,31,0,0,31,24,6,7,0.8,0.7742,0.7869,0.7006,30,0.8723,25,3,6,0.8929,0.8065,0.8475,0.6823,28,0.8641,23,4,8,0.8519,0.7419,0.7931,0.6865,27,0.8792,True,False,False,0.0062,-0.0544,-0.0544
18124,/Users/orram/Tensorleap/data/warehouse/dataset/subset-3/2019-12-17_10/Cam3/1576593145.0656834.jpg,1280,960,35,0,0,35,23,14,12,0.6216,0.6571,0.6389,0.7188,37,0.8643,23,7,12,0.7667,0.6571,0.7077,0.7337,30,0.8332,24,11,11,0.6857,0.6857,0.6857,0.7164,35,0.8349,True,False,False,0.0468,-0.022,-0.022
18125,/Users/orram/Tensorleap/data/warehouse/dataset/subset-3/2019-12-17_10/Cam3/1576593150.6195965.jpg,1280,960,31,0,0,31,17,7,14,0.7083,0.5484,0.6182,0.7393,24,0.8227,15,6,16,0.7143,0.4839,0.5769,0.7236,21,0.8549,17,7,14,0.7083,0.5484,0.6182,0.7081,24,0.8484,False,True,False,0.0,0.0413,0.0
18126,/Users/orram/Tensorleap/data/warehouse/dataset/subset-3/2019-12-17_10/Cam3/1576593155.060693.jpg,1280,960,36,0,0,36,24,6,12,0.8,0.6667,0.7273,0.7222,30,0.7799,18,4,18,0.8182,0.5,0.6207,0.7576,22,0.8102,21,3,15,0.875,0.5833,0.7,0.7304,24,0.8111,False,True,False,-0.0273,0.0793,-0.0273
18127,/Users/orram/Tensorleap/data/warehouse/dataset/subset-3/2019-12-17_10/Cam3/1576593198.215531.jpg,1280,960,6,0,0,6,5,5,1,0.5,0.8333,0.625,0.6692,10,0.6922,1,0,5,1.0,0.1667,0.2857,0.6828,1,0.7412,1,0,5,1.0,0.1667,0.2857,0.6699,1,0.7852,False,False,False,-0.3393,0.0,-0.3393
18128,/Users/orram/Tensorleap/data/warehouse/dataset/subset-3/2019-12-17_10/Cam3/1576593200.4289453.jpg,1280,960,4,0,1,3,3,1,1,0.75,0.75,0.75,0.8215,4,0.7935,3,2,1,0.6,0.75,0.6667,0.8443,5,0.8214,2,3,2,0.4,0.5,0.4444,0.799,5,0.8126,False,False,False,-0.3056,-0.2223,-0.3056
18129,/Users/orram/Tensorleap/data/warehouse/dataset/subset-3/2019-12-17_10/Cam3/1576593209.3007674.jpg,1280,960,2,0,1,1,1,0,1,1.0,0.5,0.6667,0.7894,1,0.5154,1,0,1,1.0,0.5,0.6667,0.7032,1,0.6121,1,0,1,1.0,0.5,0.6667,0.7026,1,0.7133,False,False,False,0.0,0.0,0.0
18130,/Users/orram/Tensorleap/data/warehouse/dataset/subset-3/2019-12-17_10/Cam3/1576593233.6946425.jpg,1280,960,38,0,0,38,30,17,8,0.6383,0.7895,0.7059,0.7136,47,0.816,28,17,10,0.6222,0.7368,0.6747,0.7197,45,0.8001,25,11,13,0.6944,0.6579,0.6757,0.7226,36,0.8037,False,True,False,-0.0302,0.001,-0.0302
18131,/Users/orram/Tensorleap/data/warehouse/dataset/subset-3/2019-12-17_10/Cam3/1576593235.9094927.jpg,1280,960,32,0,0,32,26,16,6,0.619,0.8125,0.7027,0.6889,42,0.8445,23,15,9,0.6053,0.7188,0.6571,0.673,38,0.8675,21,18,11,0.5385,0.6562,0.5915,0.6709,39,0.8233,False,False,False,-0.1112,-0.0656,-0.1112
18132,/Users/orram/Tensorleap/data/warehouse/dataset/subset-3/2019-12-17_10/Cam3/1576593242.5555046.jpg,1280,960,31,0,0,31,25,17,6,0.5952,0.8065,0.6849,0.6961,42,0.7522,22,20,9,0.5238,0.7097,0.6027,0.7251,42,0.8397,24,16,7,0.6,0.7742,0.6761,0.704,40,0.8176,False,True,False,-0.0088,0.0734,-0.0088
18133,/Users/orram/Tensorleap/data/warehouse/dataset/subset-3/2019-12-17_10/Cam3/1576593251.4048874.jpg,1280,960,38,0,0,38,26,16,12,0.619,0.6842,0.65,0.7085,42,0.8346,27,17,11,0.6136,0.7105,0.6585,0.6991,44,0.8636,27,13,11,0.675,0.7105,0.6923,0.7131,40,0.8314,True,True,True,0.0423,0.0338,0.0338
18134,/Users/orram/Tensorleap/data/warehouse/dataset/subset-3/2019-12-17_10/Cam3/1576593253.629489.jpg,1280,960,39,0,0,39,27,15,12,0.6429,0.6923,0.6667,0.718,42,0.8083,29,18,10,0.617,0.7436,0.6744,0.705,47,0.8316,27,9,12,0.75,0.6923,0.72,0.6861,36,0.8257,True,True,True,0.0533,0.0456,0.0456
18135,/Users/orram/Tensorleap/data/warehouse/dataset/subset-3/2019-12-17_10/Cam3/1576593262.5101116.jpg,1280,960,25,0,0,25,20,10,5,0.6667,0.8,0.7273,0.7151,30,0.8303,19,13,6,0.5938,0.76,0.6667,0.7262,32,0.8588,22,9,3,0.7097,0.88,0.7857,0.7071,31,0.8259,True,True,True,0.0584,0.119,0.0584
18136,/Users/orram/Tensorleap/data/warehouse/dataset/subset-3/2019-12-17_10/Cam3/1576593270.2766628.jpg,1280,960,22,0,0,22,17,11,5,0.6071,0.7727,0.68,0.7379,28,0.7915,20,10,2,0.6667,0.9091,0.7692,0.7124,30,0.8351,18,8,4,0.6923,0.8182,0.75,0.7379,26,0.8338,True,False,False,0.07,-0.0192,-0.0192
18137,/Users/orram/Tensorleap/data/warehouse/dataset/subset-3/2019-12-17_10/Cam3/1576593274.702095.jpg,1280,960,19,0,0,19,15,7,4,0.6818,0.7895,0.7317,0.7254,22,0.843,16,5,3,0.7619,0.8421,0.8,0.6978,21,0.8039,16,4,3,0.8,0.8421,0.8205,0.6862,20,0.8292,True,True,True,0.0888,0.0205,0.0205
18138,/Users/orram/Tensorleap/data/warehouse/dataset/subset-3/2019-12-17_10/Cam3/1576593286.8811927.jpg,1280,960,7,0,0,7,7,2,0,0.7778,1.0,0.875,0.7609,9,0.8783,6,0,1,1.0,0.8571,0.9231,0.8227,6,0.8832,6,1,1,0.8571,0.8571,0.8571,0.783,7,0.9046,False,False,False,-0.0179,-0.066,-0.066
18139,/Users/orram/Tensorleap/data/warehouse/dataset/subset-3/2019-12-17_10/Cam3/1576593289.0989368.jpg,1280,960,6,0,0,6,6,0,0,1.0,1.0,1.0,0.7431,6,0.8637,6,3,0,0.6667,1.0,0.8,0.7882,9,0.876,5,2,1,0.7143,0.8333,0.7692,0.7928,7,0.8695,False,False,False,-0.2308,-0.0308,-0.2308
18140,/Users/orram/Tensorleap/data/warehouse/dataset/subset-3/2019-12-17_10/Cam3/1576593318.910276.jpg,1280,960,26,0,0,26,16,4,10,0.8,0.6154,0.6957,0.7535,20,0.853,19,1,7,0.95,0.7308,0.8261,0.7163,20,0.862,15,5,11,0.75,0.5769,0.6522,0.7538,20,0.8387,False,False,False,-0.0435,-0.1739,-0.1739
18141,/Users/orram/Tensorleap/data/warehouse/dataset/subset-3/2019-12-17_10/Cam3/1576593320.0221977.jpg,1280,960,22,0,0,22,13,8,9,0.619,0.5909,0.6047,0.7271,21,0.8623,15,6,7,0.7143,0.6818,0.6977,0.7355,21,0.8659,13,9,9,0.5909,0.5909,0.5909,0.7311,22,0.8441,False,False,False,-0.0138,-0.1068,-0.1068
18142,/Users/orram/Tensorleap/data/warehouse/dataset/subset-3/2019-12-17_10/Cam3/1576593346.6008208.jpg,1280,960,29,0,0,29,20,14,9,0.5882,0.6897,0.6349,0.7248,34,0.8488,20,12,9,0.625,0.6897,0.6557,0.7405,32,0.8445,20,10,9,0.6667,0.6897,0.678,0.7339,30,0.8339,True,True,True,0.0431,0.0223,0.0223
18143,/Users/orram/Tensorleap/data/warehouse/dataset/subset-3/2019-12-17_10/Cam3/1576593354.3458176.jpg,1280,960,24,0,0,24,16,5,8,0.7619,0.6667,0.7111,0.7387,21,0.8556,18,6,6,0.75,0.75,0.75,0.7389,24,0.8834,17,8,7,0.68,0.7083,0.6939,0.7628,25,0.8706,False,False,False,-0.0172,-0.0561,-0.0561
18144,/Users/orram/Tensorleap/data/warehouse/dataset/subset-3/2019-12-17_10/Cam3/1576593357.6272538.jpg,1280,960,24,0,0,24,17,7,7,0.7083,0.7083,0.7083,0.7344,24,0.8712,19,9,5,0.6786,0.7917,0.7308,0.7148,28,0.8895,19,6,5,0.76,0.7917,0.7755,0.7124,25,0.8856,True,True,True,0.0672,0.0447,0.0447
18145,/Users/orram/Tensorleap/data/warehouse/dataset/subset-3/2019-12-17_10/Cam3/1576593376.2406936.jpg,1280,960,9,0,0,9,9,3,0,0.75,1.0,0.8571,0.7967,12,0.8899,9,10,0,0.4737,1.0,0.6429,0.7818,19,0.8194,9,5,0,0.6429,1.0,0.7826,0.7542,14,0.8564,False,True,False,-0.0745,0.1397,-0.0745
18146,/Users/orram/Tensorleap/data/warehouse/dataset/subset-3/2019-12-17_10/Cam3/1576593384.9851058.jpg,1280,960,28,0,0,28,11,8,17,0.5789,0.3929,0.4681,0.6868,19,0.7708,13,6,15,0.6842,0.4643,0.5532,0.6461,19,0.8431,11,8,17,0.5789,0.3929,0.4681,0.6962,19,0.7037,False,False,False,0.0,-0.0851,-0.0851
18147,/Users/orram/Tensorleap/data/warehouse/dataset/subset-3/2019-12-17_10/Cam3/1576593430.14611.jpg,1280,960,7,0,0,7,4,8,3,0.3333,0.5714,0.4211,0.6056,12,0.6548,4,7,3,0.3636,0.5714,0.4444,0.6298,11,0.7677,4,5,3,0.4444,0.5714,0.5,0.6842,9,0.7415,True,True,True,0.0789,0.0556,0.0556
18148,/Users/orram/Tensorleap/data/warehouse/dataset/subset-3/2019-12-17_10/Cam3/1576593431.2576625.jpg,1280,960,10,0,0,10,9,5,1,0.6429,0.9,0.75,0.6867,14,0.6999,8,6,2,0.5714,0.8,0.6667,0.7128,14,0.7535,7,2,3,0.7778,0.7,0.7368,0.696,9,0.8115,False,True,False,-0.0132,0.0701,-0.0132
18149,/Users/orram/Tensorleap/data/warehouse/dataset/subset-3/2019-12-17_10/Cam3/1576593433.4631107.jpg,1280,960,8,0,0,8,4,4,4,0.5,0.5,0.5,0.6697,8,0.7094,3,3,5,0.5,0.375,0.4286,0.6522,6,0.7646,5,4,3,0.5556,0.625,0.5882,0.7464,9,0.8083,True,True,True,0.0882,0.1596,0.0882
18150,/Users/orram/Tensorleap/data/warehouse/dataset/subset-3/2019-12-17_10/Cam3/1576593442.3368316.jpg,1280,960,10,0,0,10,6,5,4,0.5455,0.6,0.5714,0.6534,11,0.6995,5,4,5,0.5556,0.5,0.5263,0.6542,9,0.6764,4,4,6,0.5,0.4,0.4444,0.6386,8,0.7738,False,False,False,-0.127,-0.0819,-0.127
18151,/Users/orram/Tensorleap/data/warehouse/dataset/subset-3/2019-12-17_10/Cam3/1576593468.9020212.jpg,1280,960,11,0,0,11,8,5,3,0.6154,0.7273,0.6667,0.8019,13,0.7919,7,5,4,0.5833,0.6364,0.6087,0.8032,12,0.8141,7,5,4,0.5833,0.6364,0.6087,0.74,12,0.8326,False,False,False,-0.058,0.0,-0.058
18152,/Users/orram/Tensorleap/data/warehouse/dataset/subset-3/2019-12-17_10/Cam3/1576593478.847242.jpg,1280,960,6,0,0,6,5,3,1,0.625,0.8333,0.7143,0.7126,8,0.883,6,1,0,0.8571,1.0,0.9231,0.7166,7,0.8888,6,1,0,0.8571,1.0,0.9231,0.7264,7,0.9101,True,False,False,0.2088,0.0,0.0
18153,/Users/orram/Tensorleap/data/warehouse/dataset/subset-3/2019-12-17_10/Cam3/1576593513.0350807.jpg,1280,960,12,0,0,12,9,7,3,0.5625,0.75,0.6429,0.6753,16,0.6918,8,6,4,0.5714,0.6667,0.6154,0.674,14,0.7721,8,5,4,0.6154,0.6667,0.64,0.6894,13,0.8391,False,True,False,-0.0029,0.0246,-0.0029
18154,/Users/orram/Tensorleap/data/warehouse/dataset/subset-3/2019-12-17_10/Cam3/1576593548.4977338.jpg,1280,960,18,0,0,18,13,14,5,0.4815,0.7222,0.5778,0.6546,27,0.7032,10,11,8,0.4762,0.5556,0.5128,0.6712,21,0.7159,13,12,5,0.52,0.7222,0.6047,0.667,25,0.7844,True,True,True,0.0269,0.0919,0.0269
18155,/Users/orram/Tensorleap/data/warehouse/dataset/subset-3/2019-12-17_10/Cam3/1576593582.8648605.jpg,1280,960,5,0,0,5,3,2,2,0.6,0.6,0.6,0.7038,5,0.7207,3,4,2,0.4286,0.6,0.5,0.7035,7,0.8025,3,11,2,0.2143,0.6,0.3158,0.7146,14,0.7879,False,False,False,-0.2842,-0.1842,-0.2842
18156,/Users/orram/Tensorleap/data/warehouse/dataset/subset-3/2019-12-17_10/Cam3/1576593589.5124576.jpg,1280,960,1,0,0,1,1,0,0,1.0,1.0,1.0,0.7942,1,0.7898,1,0,0,1.0,1.0,1.0,0.8277,1,0.7895,1,0,0,1.0,1.0,1.0,0.7842,1,0.8437,False,False,False,0.0,0.0,0.0
18157,/Users/orram/Tensorleap/data/warehouse/dataset/subset-3/2019-12-17_10/Cam3/1576593595.0483775.jpg,1280,960,4,0,0,4,3,1,1,0.75,0.75,0.75,0.8261,4,0.6987,4,2,0,0.6667,1.0,0.8,0.7411,6,0.5758,4,1,0,0.8,1.0,0.8889,0.658,5,0.7224,True,True,True,0.1389,0.0889,0.0889
18158,/Users/orram/Tensorleap/data/warehouse/dataset/subset-3/2019-12-17_10/Cam3/1576593599.478812.jpg,1280,960,2,0,0,2,2,0,0,1.0,1.0,1.0,0.6989,2,0.608,2,0,0,1.0,1.0,1.0,0.7419,2,0.736,2,0,0,1.0,1.0,1.0,0.7366,2,0.6942,False,False,False,0.0,0.0,0.0
18159,/Users/orram/Tensorleap/data/warehouse/dataset/subset-3/2019-12-17_10/Cam3/1576593611.6224425.jpg,1280,960,24,4,0,20,16,20,8,0.4444,0.6667,0.5333,0.6668,36,0.8614,13,20,11,0.3939,0.5417,0.4561,0.6771,33,0.8355,10,17,14,0.3704,0.4167,0.3922,0.6704,27,0.8761,False,False,False,-0.1411,-0.0639,-0.1411
18160,/Users/orram/Tensorleap/data/warehouse/dataset/subset-3/2019-12-17_10/Cam3/1576593612.7278724.jpg,1280,960,18,5,0,13,10,15,8,0.4,0.5556,0.4651,0.6917,25,0.6864,9,20,9,0.3103,0.5,0.383,0.7082,29,0.7735,8,20,10,0.2857,0.4444,0.3478,0.6816,28,0.8368,False,False,False,-0.1173,-0.0352,-0.1173
18161,/Users/orram/Tensorleap/data/warehouse/dataset/subset-3/2019-12-17_10/Cam3/1576593617.1514733.jpg,1280,960,17,4,0,13,11,12,6,0.4783,0.6471,0.55,0.6728,23,0.7546,8,17,9,0.32,0.4706,0.381,0.6996,25,0.7452,10,12,7,0.4545,0.5882,0.5128,0.7255,22,0.7618,False,True,False,-0.0372,0.1318,-0.0372
18162,/Users/orram/Tensorleap/data/warehouse/dataset/subset-3/2019-12-17_10/Cam3/1576593632.66622.jpg,1280,960,22,0,0,22,8,17,14,0.32,0.3636,0.3404,0.7643,25,0.7533,9,17,13,0.3462,0.4091,0.375,0.7755,26,0.708,8,15,14,0.3478,0.3636,0.3556,0.757,23,0.7725,True,False,False,0.0152,-0.0194,-0.0194
18163,/Users/orram/Tensorleap/data/warehouse/dataset/subset-3/2019-12-17_10/Cam3/1576593644.856176.jpg,1280,960,5,0,0,5,4,4,1,0.5,0.8,0.6154,0.7014,8,0.6215,3,4,2,0.4286,0.6,0.5,0.6314,7,0.736,4,5,1,0.4444,0.8,0.5714,0.6634,9,0.7959,False,True,False,-0.044,0.0714,-0.044
18164,/Users/orram/Tensorleap/data/warehouse/dataset/subset-3/2019-12-17_10/Cam3/1576593647.0720756.jpg,1280,960,4,0,0,4,3,4,1,0.4286,0.75,0.5455,0.5988,7,0.763,2,5,2,0.2857,0.5,0.3636,0.578,7,0.7516,2,6,2,0.25,0.5,0.3333,0.6051,8,0.7887,False,False,False,-0.2122,-0.0303,-0.2122
18165,/Users/orram/Tensorleap/data/warehouse/dataset/subset-3/2019-12-17_10/Cam3/1576593655.9203851.jpg,1280,960,6,0,0,6,4,2,2,0.6667,0.6667,0.6667,0.6412,6,0.7333,5,0,1,1.0,0.8333,0.9091,0.701,5,0.825,5,1,1,0.8333,0.8333,0.8333,0.6923,6,0.8573,True,False,False,0.1666,-0.0758,-0.0758
18166,/Users/orram/Tensorleap/data/warehouse/dataset/subset-3/2019-12-17_10/Cam3/1576593678.005647.jpg,1280,960,5,0,0,5,4,0,1,1.0,0.8,0.8889,0.7122,4,0.7323,4,0,1,1.0,0.8,0.8889,0.7055,4,0.8076,4,0,1,1.0,0.8,0.8889,0.6455,4,0.7913,False,False,False,0.0,0.0,0.0
18167,/Users/orram/Tensorleap/data/warehouse/dataset/subset-3/2019-12-17_10/Cam3/1576593697.9341254.jpg,1280,960,3,0,0,3,2,2,1,0.5,0.6667,0.5714,0.6509,4,0.6869,3,2,0,0.6,1.0,0.75,0.6807,5,0.7514,2,1,1,0.6667,0.6667,0.6667,0.6135,3,0.787,True,False,False,0.0953,-0.0833,-0.0833
18168,/Users/orram/Tensorleap/data/warehouse/dataset/subset-3/2019-12-17_10/Cam3/1576593706.82517.jpg,1280,960,10,0,0,10,5,10,5,0.3333,0.5,0.4,0.6804,15,0.6993,6,7,4,0.4615,0.6,0.5217,0.6386,13,0.7953,6,8,4,0.4286,0.6,0.5,0.6287,14,0.7588,True,False,False,0.1,-0.0217,-0.0217
18169,/Users/orram/Tensorleap/data/warehouse/dataset/subset-3/2019-12-17_10/Cam3/1576593712.3727891.jpg,1280,960,9,0,0,9,8,3,1,0.7273,0.8889,0.8,0.7262,11,0.7112,6,2,3,0.75,0.6667,0.7059,0.7935,8,0.7826,8,1,1,0.8889,0.8889,0.8889,0.7281,9,0.8058,True,True,True,0.0889,0.183,0.0889
18170,/Users/orram/Tensorleap/data/warehouse/dataset/subset-3/2019-12-17_10/Cam3/1576593715.6985521.jpg,1280,960,7,0,0,7,7,4,0,0.6364,1.0,0.7778,0.6937,11,0.815,7,4,0,0.6364,1.0,0.7778,0.7396,11,0.8604,6,5,1,0.5455,0.8571,0.6667,0.7402,11,0.8235,False,False,False,-0.1111,-0.1111,-0.1111
18171,/Users/orram/Tensorleap/data/warehouse/dataset/subset-3/2019-12-17_10/Cam3/1576593716.8111842.jpg,1280,960,6,0,0,6,5,4,1,0.5556,0.8333,0.6667,0.8041,9,0.7718,5,4,1,0.5556,0.8333,0.6667,0.7534,9,0.8119,6,4,0,0.6,1.0,0.75,0.7246,10,0.8071,True,True,True,0.0833,0.0833,0.0833
18172,/Users/orram/Tensorleap/data/warehouse/dataset/subset-3/2019-12-17_10/Cam3/1576593723.469429.jpg,1280,960,1,0,0,1,1,0,0,1.0,1.0,1.0,0.9255,1,0.7661,0,2,1,0.0,0.0,0.0,0.0,2,0.5684,1,1,0,0.5,1.0,0.6667,0.8997,2,0.7003,False,True,False,-0.3333,0.6667,-0.3333
18173,/Users/orram/Tensorleap/data/warehouse/dataset/subset-3/2019-12-17_10/Cam3/1576593734.5974066.jpg,1280,960,3,0,0,3,3,1,0,0.75,1.0,0.8571,0.757,4,0.756,2,0,1,1.0,0.6667,0.8,0.7818,2,0.7538,3,0,0,1.0,1.0,1.0,0.8238,3,0.7654,True,True,True,0.1429,0.2,0.1429
18174,/Users/orram/Tensorleap/data/warehouse/dataset/subset-3/2019-12-17_10/Cam3/1576593740.157344.jpg,1280,960,1,0,0,1,0,1,1,0.0,0.0,0.0,0.0,1,0.3274,0,0,1,0.0,0.0,0.0,0.0,0,0.0,1,0,0,1.0,1.0,1.0,0.5936,1,0.3193,True,True,True,1.0,1.0,1.0
18175,/Users/orram/Tensorleap/data/warehouse/dataset/subset-3/2019-12-17_10/Cam3/1576593752.3416195.jpg,1280,960,1,0,0,1,1,0,0,1.0,1.0,1.0,0.714,1,0.6047,1,0,0,1.0,1.0,1.0,0.7476,1,0.7519,1,0,0,1.0,1.0,1.0,0.6149,1,0.6881,False,False,False,0.0,0.0,0.0
18176,/Users/orram/Tensorleap/data/warehouse/dataset/subset-3/2019-12-17_10/Cam3/1576593780.0521204.jpg,1280,960,8,0,0,8,7,3,1,0.7,0.875,0.7778,0.6682,10,0.8244,8,3,0,0.7273,1.0,0.8421,0.6557,11,0.8334,7,2,1,0.7778,0.875,0.8235,0.6809,9,0.8261,True,False,False,0.0457,-0.0186,-0.0186
18177,/Users/orram/Tensorleap/data/warehouse/dataset/subset-3/2019-12-17_10/Cam3/1576593796.679216.jpg,1280,960,9,0,0,9,6,5,3,0.5455,0.6667,0.6,0.7044,11,0.7943,6,3,3,0.6667,0.6667,0.6667,0.7521,9,0.8553,6,2,3,0.75,0.6667,0.7059,0.7212,8,0.8071,True,True,True,0.1059,0.0392,0.0392
18178,/Users/orram/Tensorleap/data/warehouse/dataset/subset-3/2019-12-17_10/Cam3/1576593802.2298987.jpg,1280,960,11,0,0,11,10,8,1,0.5556,0.9091,0.6897,0.7374,18,0.8738,10,3,1,0.7692,0.9091,0.8333,0.7663,13,0.901,9,6,2,0.6,0.8182,0.6923,0.7258,15,0.8866,True,False,False,0.0026,-0.141,-0.141
18179,/Users/orram/Tensorleap/data/warehouse/dataset/subset-3/2019-12-17_10/Cam3/1576593838.7153118.jpg,1280,960,5,0,0,5,5,0,0,1.0,1.0,1.0,0.6851,5,0.7112,4,2,1,0.6667,0.8,0.7273,0.7578,6,0.8451,4,4,1,0.5,0.8,0.6154,0.7729,8,0.8293,False,False,False,-0.3846,-0.1119,-0.3846
18180,/Users/orram/Tensorleap/data/warehouse/dataset/subset-3/2019-12-17_10/Cam3/1576593843.1369352.jpg,1280,960,2,0,0,2,2,0,0,1.0,1.0,1.0,0.738,2,0.6824,1,2,1,0.3333,0.5,0.4,0.9465,3,0.7051,1,2,1,0.3333,0.5,0.4,0.8603,3,0.8099,False,False,False,-0.6,0.0,-0.6
18181,/Users/orram/Tensorleap/data/warehouse/dataset/subset-3/2019-12-17_10/Cam3/1576593858.642121.jpg,1280,960,12,0,0,12,9,3,3,0.75,0.75,0.75,0.6782,12,0.815,7,3,5,0.7,0.5833,0.6364,0.6844,10,0.7583,6,2,6,0.75,0.5,0.6,0.6968,8,0.8399,False,False,False,-0.15,-0.0364,-0.15
18182,/Users/orram/Tensorleap/data/warehouse/dataset/subset-3/2019-12-17_10/Cam3/1576593877.4738195.jpg,1280,960,10,0,0,10,8,5,2,0.6154,0.8,0.6957,0.6887,13,0.8129,9,4,1,0.6923,0.9,0.7826,0.7063,13,0.822,8,4,2,0.6667,0.8,0.7273,0.6854,12,0.8158,True,False,False,0.0316,-0.0553,-0.0553
18183,/Users/orram/Tensorleap/data/warehouse/dataset/subset-3/2019-12-17_10/Cam3/1576593881.9081745.jpg,1280,960,6,0,0,6,5,4,1,0.5556,0.8333,0.6667,0.7068,9,0.8936,5,2,1,0.7143,0.8333,0.7692,0.7092,7,0.848,4,2,2,0.6667,0.6667,0.6667,0.7218,6,0.8824,False,False,False,0.0,-0.1025,-0.1025
18184,/Users/orram/Tensorleap/data/warehouse/dataset/subset-3/2019-12-17_10/Cam3/1576593909.641712.jpg,1280,960,4,0,0,4,2,1,2,0.6667,0.5,0.5714,0.7259,3,0.8411,2,0,2,1.0,0.5,0.6667,0.7713,2,0.8396,2,1,2,0.6667,0.5,0.5714,0.8099,3,0.8294,False,False,False,0.0,-0.0953,-0.0953
18185,/Users/orram/Tensorleap/data/warehouse/dataset/subset-3/2019-12-17_10/Cam3/1576593915.2000391.jpg,1280,960,2,0,0,2,2,0,0,1.0,1.0,1.0,0.8843,2,0.8527,2,0,0,1.0,1.0,1.0,0.91,2,0.8555,2,0,0,1.0,1.0,1.0,0.8299,2,0.8732,False,False,False,0.0,0.0,0.0
18186,/Users/orram/Tensorleap/data/warehouse/dataset/subset-3/2019-12-17_10/Cam3/1576593921.8776653.jpg,1280,960,1,0,0,1,1,0,0,1.0,1.0,1.0,0.8577,1,0.7214,1,0,0,1.0,1.0,1.0,0.8954,1,0.7765,1,1,0,0.5,1.0,0.6667,0.8584,2,0.8165,False,False,False,-0.3333,-0.3333,-0.3333
18187,/Users/orram/Tensorleap/data/warehouse/dataset/subset-3/2019-12-17_10/Cam3/1576593925.2086785.jpg,1280,960,0,0,0,0,0,0,0,0.0,0.0,0.0,0.0,0,0.0,0,0,0,0.0,0.0,0.0,0.0,0,0.0,0,0,0,0.0,0.0,0.0,0.0,0,0.0,False,False,False,0.0,0.0,0.0
18188,/Users/orram/Tensorleap/data/warehouse/dataset/subset-3/2019-12-17_10/Cam3/1576593937.3926184.jpg,1280,960,9,0,0,9,5,4,4,0.5556,0.5556,0.5556,0.7326,9,0.7673,4,4,5,0.5,0.4444,0.4706,0.7351,8,0.8229,5,2,4,0.7143,0.5556,0.625,0.6636,7,0.8495,True,True,True,0.0694,0.1544,0.0694
18189,/Users/orram/Tensorleap/data/warehouse/dataset/subset-3/2019-12-17_10/Cam3/1576593961.838908.jpg,1280,960,18,0,1,17,11,2,7,0.8462,0.6111,0.7097,0.6639,13,0.8173,14,4,4,0.7778,0.7778,0.7778,0.7072,18,0.8378,15,6,3,0.7143,0.8333,0.7692,0.7305,21,0.8461,True,False,False,0.0595,-0.0086,-0.0086
18190,/Users/orram/Tensorleap/data/warehouse/dataset/subset-3/2019-12-17_10/Cam3/1576593977.372702.jpg,1280,960,28,0,1,27,15,15,13,0.5,0.5357,0.5172,0.6329,30,0.8198,19,8,9,0.7037,0.6786,0.6909,0.6375,27,0.8483,21,9,7,0.7,0.75,0.7241,0.6539,30,0.8384,True,True,True,0.2069,0.0332,0.0332
18191,/Users/orram/Tensorleap/data/warehouse/dataset/subset-3/2019-12-17_10/Cam3/1576593979.5894158.jpg,1280,960,48,0,1,47,40,9,8,0.8163,0.8333,0.8247,0.6723,49,0.7544,40,6,8,0.8696,0.8333,0.8511,0.6626,46,0.757,42,11,6,0.7925,0.875,0.8317,0.6647,53,0.7631,True,False,False,0.007,-0.0194,-0.0194
18192,/Users/orram/Tensorleap/data/warehouse/dataset/subset-3/2019-12-17_10/Cam3/1576593982.9039097.jpg,1280,960,2,0,0,2,0,25,2,0.0,0.0,0.0,0.0,25,0.807,0,40,2,0.0,0.0,0.0,0.0,40,0.7441,1,44,1,0.0222,0.5,0.0426,0.5639,45,0.821,True,True,True,0.0426,0.0426,0.0426
18193,/Users/orram/Tensorleap/data/warehouse/dataset/subset-3/2019-12-17_10/Cam3/1576594020.6208184.jpg,1280,960,3,0,1,2,2,1,1,0.6667,0.6667,0.6667,0.864,3,0.859,1,3,2,0.25,0.3333,0.2857,0.751,4,0.8906,1,1,2,0.5,0.3333,0.4,0.7431,2,0.8997,False,True,False,-0.2667,0.1143,-0.2667
18194,/Users/orram/Tensorleap/data/warehouse/dataset/subset-3/2019-12-17_10/Cam3/1576594021.7162247.jpg,1280,960,4,0,1,3,3,0,1,1.0,0.75,0.8571,0.7326,3,0.8536,2,2,2,0.5,0.5,0.5,0.6452,4,0.8821,3,0,1,1.0,0.75,0.8571,0.7457,3,0.8904,False,True,False,0.0,0.3571,0.0
18195,/Users/orram/Tensorleap/data/warehouse/dataset/subset-3/2019-12-17_10/Cam3/1576594043.862963.jpg,1280,960,0,0,0,0,0,0,0,0.0,0.0,0.0,0.0,0,0.0,0,2,0,0.0,0.0,0.0,0.0,2,0.4316,0,2,0,0.0,0.0,0.0,0.0,2,0.3364,False,False,False,0.0,0.0,0.0
18201,/Users/orram/Tensorleap/data/warehouse/dataset/subset-3/2019-12-17_10/Cam3/1576594169.8605065.jpg,1280,960,3,0,0,3,2,1,1,0.6667,0.6667,0.6667,0.8235,3,0.849,2,1,1,0.6667,0.6667,0.6667,0.7748,3,0.771,2,0,1,1.0,0.6667,0.8,0.8411,2,0.825,True,True,True,0.1333,0.1333,0.1333
18206,/Users/orram/Tensorleap/data/warehouse/dataset/subset-3/2019-12-17_10/Cam3/1576594264.8899956.jpg,1280,960,0,0,0,0,0,0,0,0.0,0.0,0.0,0.0,0,0.0,0,0,0,0.0,0.0,0.0,0.0,0,0.0,0,1,0,0.0,0.0,0.0,0.0,1,0.5095,False,False,False,0.0,0.0,0.0
18216,/Users/orram/Tensorleap/data/warehouse/dataset/subset-3/2019-12-17_10/Cam3/1576594681.470965.jpg,1280,960,49,0,1,48,16,13,33,0.5517,0.3265,0.4103,0.6624,29,0.7763,21,15,28,0.5833,0.4286,0.4941,0.6191,36,0.8252,20,19,29,0.5128,0.4082,0.4545,0.645,39,0.799,True,False,False,0.0442,-0.0396,-0.0396
18217,/Users/orram/Tensorleap/data/warehouse/dataset/subset-3/2019-12-17_10/Cam3/1576594690.3369327.jpg,1280,960,96,0,0,96,55,25,41,0.6875,0.5729,0.625,0.6645,80,0.7053,55,25,41,0.6875,0.5729,0.625,0.6531,80,0.7122,52,36,44,0.5909,0.5417,0.5652,0.6651,88,0.7311,False,False,False,-0.0598,-0.0598,-0.0598
18219,/Users/orram/Tensorleap/data/warehouse/dataset/subset-3/2019-12-17_10/Cam3/1576594758.9699872.jpg,1280,960,21,0,1,20,15,23,6,0.3947,0.7143,0.5085,0.6833,38,0.6739,16,15,5,0.5161,0.7619,0.6154,0.6833,31,0.7193,13,13,8,0.5,0.619,0.5532,0.6942,26,0.7442,True,False,False,0.0447,-0.0622,-0.0622
18220,/Users/orram/Tensorleap/data/warehouse/dataset/subset-3/2019-12-17_10/Cam3/1576594764.52867.jpg,1280,960,38,0,1,37,27,10,11,0.7297,0.7105,0.72,0.6641,37,0.7904,24,12,14,0.6667,0.6316,0.6486,0.6797,36,0.8051,21,13,17,0.6176,0.5526,0.5833,0.6846,34,0.9068,False,False,False,-0.1367,-0.0653,-0.1367
18221,/Users/orram/Tensorleap/data/warehouse/dataset/subset-3/2019-12-17_10/Cam3/1576594778.9623258.jpg,1280,960,3,0,0,3,2,4,1,0.3333,0.6667,0.4444,0.7609,6,0.7326,2,3,1,0.4,0.6667,0.5,0.7542,5,0.7861,2,2,1,0.5,0.6667,0.5714,0.7243,4,0.7661,True,True,True,0.127,0.0714,0.0714
18223,/Users/orram/Tensorleap/data/warehouse/dataset/subset-3/2019-12-17_10/Cam3/1576594822.1497452.jpg,1280,960,34,3,0,31,21,17,13,0.5526,0.6176,0.5833,0.7019,38,0.6996,18,11,16,0.6207,0.5294,0.5714,0.6677,29,0.7162,19,12,15,0.6129,0.5588,0.5846,0.6697,31,0.7884,True,True,True,0.0013,0.0132,0.0013
18236,/Users/orram/Tensorleap/data/warehouse/dataset/subset-3/2019-12-17_10/Cam3/1576595257.857797.jpg,1280,960,46,0,0,46,28,17,18,0.6222,0.6087,0.6154,0.6895,45,0.6298,32,19,14,0.6275,0.6957,0.6598,0.6807,51,0.6361,25,19,21,0.5682,0.5435,0.5556,0.6947,44,0.724,False,False,False,-0.0598,-0.1042,-0.1042
18240,/Users/orram/Tensorleap/data/warehouse/dataset/subset-3/2019-12-17_10/Cam3/1576595413.7409143.jpg,1280,960,58,3,0,55,25,17,33,0.5952,0.431,0.5,0.6648,42,0.7115,17,12,41,0.5862,0.2931,0.3908,0.6451,29,0.776,24,18,34,0.5714,0.4138,0.48,0.6669,42,0.7775,False,True,False,-0.02,0.0892,-0.02
18241,/Users/orram/Tensorleap/data/warehouse/dataset/subset-3/2019-12-17_10/Cam3/1576595431.5109985.jpg,1280,960,0,0,0,0,0,0,0,0.0,0.0,0.0,0.0,0,0.0,0,0,0,0.0,0.0,0.0,0.0,0,0.0,0,0,0,0.0,0.0,0.0,0.0,0,0.0,False,False,False,0.0,0.0,0.0
18246,/Users/orram/Tensorleap/data/warehouse/dataset/subset-3/2019-12-17_10/Cam3/1576595525.9106717.jpg,1280,960,1,0,0,1,1,0,0,1.0,1.0,1.0,0.7223,1,0.852,1,0,0,1.0,1.0,1.0,0.7334,1,0.8399,1,0,0,1.0,1.0,1.0,0.8109,1,0.8035,False,False,False,0.0,0.0,0.0
18247,/Users/orram/Tensorleap/data/warehouse/dataset/subset-3/2019-12-17_10/Cam3/1576595528.1166384.jpg,1280,960,1,0,0,1,1,0,0,1.0,1.0,1.0,0.8858,1,0.8537,1,1,0,0.5,1.0,0.6667,0.8529,2,0.8713,1,0,0,1.0,1.0,1.0,0.7949,1,0.8529,False,True,False,0.0,0.3333,0.0
18248,/Users/orram/Tensorleap/data/warehouse/dataset/subset-3/2019-12-17_10/Cam3/1576595532.5329306.jpg,1280,960,1,0,0,1,1,1,0,0.5,1.0,0.6667,0.8231,2,0.4412,1,0,0,1.0,1.0,1.0,0.7743,1,0.3273,1,0,0,1.0,1.0,1.0,0.8272,1,0.3742,True,False,False,0.3333,0.0,0.0
18249,/Users/orram/Tensorleap/data/warehouse/dataset/subset-3/2019-12-17_10/Cam3/1576595549.1437442.jpg,1280,960,8,0,0,8,7,1,1,0.875,0.875,0.875,0.6778,8,0.7484,7,3,1,0.7,0.875,0.7778,0.6237,10,0.8567,7,3,1,0.7,0.875,0.7778,0.5965,10,0.8487,False,False,False,-0.0972,0.0,-0.0972
18250,/Users/orram/Tensorleap/data/warehouse/dataset/subset-3/2019-12-17_10/Cam3/1576595551.3642638.jpg,1280,960,15,0,0,15,10,7,5,0.5882,0.6667,0.625,0.695,17,0.8764,11,8,4,0.5789,0.7333,0.6471,0.6917,19,0.8838,10,7,5,0.5882,0.6667,0.625,0.6843,17,0.8675,False,False,False,0.0,-0.0221,-0.0221
18251,/Users/orram/Tensorleap/data/warehouse/dataset/subset-3/2019-12-17_10/Cam3/1576595554.6833699.jpg,1280,960,16,0,0,16,12,9,4,0.5714,0.75,0.6486,0.6897,21,0.7639,13,5,3,0.7222,0.8125,0.7647,0.7138,18,0.8225,12,9,4,0.5714,0.75,0.6486,0.7,21,0.8521,False,False,False,0.0,-0.1161,-0.1161
18252,/Users/orram/Tensorleap/data/warehouse/dataset/subset-3/2019-12-17_10/Cam3/1576595563.5580018.jpg,1280,960,12,0,0,12,9,12,3,0.4286,0.75,0.5455,0.7385,21,0.8324,10,10,2,0.5,0.8333,0.625,0.7207,20,0.8365,10,7,2,0.5882,0.8333,0.6897,0.7179,17,0.8366,True,True,True,0.1442,0.0647,0.0647
18253,/Users/orram/Tensorleap/data/warehouse/dataset/subset-3/2019-12-17_10/Cam3/1576595570.2266366.jpg,1280,960,11,0,0,11,11,9,0,0.55,1.0,0.7097,0.7102,20,0.8451,9,5,2,0.6429,0.8182,0.72,0.723,14,0.9057,10,6,1,0.625,0.9091,0.7407,0.6996,16,0.8681,True,True,True,0.031,0.0207,0.0207
18254,/Users/orram/Tensorleap/data/warehouse/dataset/subset-3/2019-12-17_10/Cam3/1576595580.1965678.jpg,1280,960,3,0,0,3,3,5,0,0.375,1.0,0.5455,0.7335,8,0.7692,3,2,0,0.6,1.0,0.75,0.7375,5,0.8623,3,3,0,0.5,1.0,0.6667,0.7134,6,0.8012,True,False,False,0.1212,-0.0833,-0.0833
18255,/Users/orram/Tensorleap/data/warehouse/dataset/subset-3/2019-12-17_10/Cam3/1576595593.4578862.jpg,1280,960,19,0,0,19,12,5,7,0.7059,0.6316,0.6667,0.7343,17,0.8972,16,7,3,0.6957,0.8421,0.7619,0.7039,23,0.9087,15,6,4,0.7143,0.7895,0.75,0.7256,21,0.8765,True,False,False,0.0833,-0.0119,-0.0119
18256,/Users/orram/Tensorleap/data/warehouse/dataset/subset-3/2019-12-17_10/Cam3/1576595595.6808138.jpg,1280,960,19,0,0,19,12,4,7,0.75,0.6316,0.6857,0.7314,16,0.8288,17,2,2,0.8947,0.8947,0.8947,0.6813,19,0.8798,16,3,3,0.8421,0.8421,0.8421,0.7112,19,0.863,True,False,False,0.1564,-0.0526,-0.0526
18257,/Users/orram/Tensorleap/data/warehouse/dataset/subset-3/2019-12-17_10/Cam3/1576595613.3702343.jpg,1280,960,2,0,0,2,2,2,0,0.5,1.0,0.6667,0.9018,4,0.9235,1,1,1,0.5,0.5,0.5,0.8293,2,0.9153,1,3,1,0.25,0.5,0.3333,0.8501,4,0.9098,False,False,False,-0.3334,-0.1667,-0.3334
18258,/Users/orram/Tensorleap/data/warehouse/dataset/subset-3/2019-12-17_10/Cam3/1576595626.6319857.jpg,1280,960,20,0,0,20,10,12,10,0.4545,0.5,0.4762,0.686,22,0.6712,11,13,9,0.4583,0.55,0.5,0.7352,24,0.7428,12,7,8,0.6316,0.6,0.6154,0.7584,19,0.7472,True,True,True,0.1392,0.1154,0.1154
18259,/Users/orram/Tensorleap/data/warehouse/dataset/subset-3/2019-12-17_10/Cam3/1576595648.7931795.jpg,1280,960,7,0,0,7,7,4,0,0.6364,1.0,0.7778,0.7598,11,0.842,7,5,0,0.5833,1.0,0.7368,0.7665,12,0.7441,7,4,0,0.6364,1.0,0.7778,0.7315,11,0.8288,False,True,False,0.0,0.041,0.0
18260,/Users/orram/Tensorleap/data/warehouse/dataset/subset-3/2019-12-17_10/Cam3/1576595667.6280558.jpg,1280,960,2,0,0,2,2,0,0,1.0,1.0,1.0,0.8554,2,0.776,2,2,0,0.5,1.0,0.6667,0.8297,4,0.7918,2,1,0,0.6667,1.0,0.8,0.8082,3,0.8191,False,True,False,-0.2,0.1333,-0.2
18261,/Users/orram/Tensorleap/data/warehouse/dataset/subset-3/2019-12-17_10/Cam3/1576595674.2849848.jpg,1280,960,2,0,0,2,2,1,0,0.6667,1.0,0.8,0.7818,3,0.8237,1,2,1,0.3333,0.5,0.4,0.8913,3,0.8263,1,1,1,0.5,0.5,0.5,0.8384,2,0.8151,False,True,False,-0.3,0.1,-0.3
18262,/Users/orram/Tensorleap/data/warehouse/dataset/subset-3/2019-12-17_10/Cam3/1576595678.7209866.jpg,1280,960,3,0,0,3,2,0,1,1.0,0.6667,0.8,0.825,2,0.8424,2,0,1,1.0,0.6667,0.8,0.8206,2,0.8499,2,0,1,1.0,0.6667,0.8,0.824,2,0.8762,False,False,False,0.0,0.0,0.0
18263,/Users/orram/Tensorleap/data/warehouse/dataset/subset-3/2019-12-17_10/Cam3/1576595680.9440522.jpg,1280,960,3,0,0,3,2,1,1,0.6667,0.6667,0.6667,0.7597,3,0.857,2,0,1,1.0,0.6667,0.8,0.8637,2,0.8724,2,1,1,0.6667,0.6667,0.6667,0.8649,3,0.8416,False,False,False,0.0,-0.1333,-0.1333
18264,/Users/orram/Tensorleap/data/warehouse/dataset/subset-3/2019-12-17_10/Cam3/1576595698.6791477.jpg,1280,960,7,0,1,6,5,4,2,0.5556,0.7143,0.625,0.7649,9,0.7911,6,8,1,0.4286,0.8571,0.5714,0.7037,14,0.8119,5,5,2,0.5,0.7143,0.5882,0.7616,10,0.7798,False,True,False,-0.0368,0.0168,-0.0368
18265,/Users/orram/Tensorleap/data/warehouse/dataset/subset-3/2019-12-17_10/Cam3/1576595709.754164.jpg,1280,960,44,0,0,44,36,13,8,0.7347,0.8182,0.7742,0.6597,49,0.8105,36,13,8,0.7347,0.8182,0.7742,0.6759,49,0.8272,39,10,5,0.7959,0.8864,0.8387,0.6761,49,0.8157,True,True,True,0.0645,0.0645,0.0645
18266,/Users/orram/Tensorleap/data/warehouse/dataset/subset-3/2019-12-17_10/Cam3/1576595731.964377.jpg,1280,960,26,0,0,26,18,9,8,0.6667,0.6923,0.6792,0.6944,27,0.7951,19,15,7,0.5588,0.7308,0.6333,0.6866,34,0.7928,23,11,3,0.6765,0.8846,0.7667,0.6836,34,0.832,True,True,True,0.0875,0.1334,0.0875
18267,/Users/orram/Tensorleap/data/warehouse/dataset/subset-3/2019-12-17_10/Cam3/1576595778.4178686.jpg,1280,960,6,0,0,6,5,1,1,0.8333,0.8333,0.8333,0.7907,6,0.8832,6,2,0,0.75,1.0,0.8571,0.7658,8,0.8712,5,0,1,1.0,0.8333,0.9091,0.8167,5,0.8678,True,True,True,0.0758,0.052,0.052
18268,/Users/orram/Tensorleap/data/warehouse/dataset/subset-3/2019-12-17_10/Cam3/1576595799.4019916.jpg,1280,960,19,0,0,19,12,8,7,0.6,0.6316,0.6154,0.7872,20,0.8401,12,6,7,0.6667,0.6316,0.6486,0.7647,18,0.8918,13,4,6,0.7647,0.6842,0.7222,0.7566,17,0.8631,True,True,True,0.1068,0.0736,0.0736
18269,/Users/orram/Tensorleap/data/warehouse/dataset/subset-3/2019-12-17_10/Cam3/1576595810.4889984.jpg,1280,960,19,0,0,19,13,12,6,0.52,0.6842,0.5909,0.7046,25,0.8861,11,13,8,0.4583,0.5789,0.5116,0.741,24,0.8828,13,9,6,0.5909,0.6842,0.6341,0.7194,22,0.8983,True,True,True,0.0432,0.1225,0.0432
18270,/Users/orram/Tensorleap/data/warehouse/dataset/subset-3/2019-12-17_10/Cam3/1576595820.450321.jpg,1280,960,23,0,0,23,15,10,8,0.6,0.6522,0.625,0.7118,25,0.7738,15,11,8,0.5769,0.6522,0.6122,0.7115,26,0.8372,16,8,7,0.6667,0.6957,0.6809,0.72,24,0.7507,True,True,True,0.0559,0.0687,0.0559
18271,/Users/orram/Tensorleap/data/warehouse/dataset/subset-3/2019-12-17_10/Cam3/1576595824.890256.jpg,1280,960,31,0,0,31,25,7,6,0.7812,0.8065,0.7937,0.7024,32,0.7806,22,9,9,0.7097,0.7097,0.7097,0.705,31,0.8049,24,6,7,0.8,0.7742,0.7869,0.6928,30,0.8193,False,True,False,-0.0068,0.0772,-0.0068
18272,/Users/orram/Tensorleap/data/warehouse/dataset/subset-3/2019-12-17_10/Cam3/1576595829.3183606.jpg,1280,960,21,0,0,21,17,10,4,0.6296,0.8095,0.7083,0.7049,27,0.8832,15,9,6,0.625,0.7143,0.6667,0.6949,24,0.8816,16,4,5,0.8,0.7619,0.7805,0.7388,20,0.8501,True,True,True,0.0722,0.1138,0.0722
18273,/Users/orram/Tensorleap/data/warehouse/dataset/subset-3/2019-12-17_10/Cam3/1576595832.6410131.jpg,1280,960,17,0,0,17,15,6,2,0.7143,0.8824,0.7895,0.6799,21,0.7912,11,6,6,0.6471,0.6471,0.6471,0.7016,17,0.8458,13,4,4,0.7647,0.7647,0.7647,0.6934,17,0.8333,False,True,False,-0.0248,0.1176,-0.0248
18274,/Users/orram/Tensorleap/data/warehouse/dataset/subset-3/2019-12-17_10/Cam3/1576595842.6208766.jpg,1280,960,16,0,0,16,15,6,1,0.7143,0.9375,0.8108,0.7015,21,0.7893,11,3,5,0.7857,0.6875,0.7333,0.7421,14,0.8467,11,4,5,0.7333,0.6875,0.7097,0.6999,15,0.8652,False,False,False,-0.1011,-0.0236,-0.1011
18275,/Users/orram/Tensorleap/data/warehouse/dataset/subset-3/2019-12-17_10/Cam3/1576595860.3233747.jpg,1280,960,18,0,0,18,13,8,5,0.619,0.7222,0.6667,0.6847,21,0.7006,15,10,3,0.6,0.8333,0.6977,0.6483,25,0.7257,13,6,5,0.6842,0.7222,0.7027,0.6945,19,0.7588,True,True,True,0.036,0.005,0.005
18276,/Users/orram/Tensorleap/data/warehouse/dataset/subset-3/2019-12-17_10/Cam3/1576595862.5301063.jpg,1280,960,11,0,0,11,11,2,0,0.8462,1.0,0.9167,0.7122,13,0.7003,11,5,0,0.6875,1.0,0.8148,0.7071,16,0.7602,11,21,0,0.3438,1.0,0.5116,0.7074,32,0.7309,False,False,False,-0.4051,-0.3032,-0.4051
18277,/Users/orram/Tensorleap/data/warehouse/dataset/subset-3/2019-12-17_10/Cam3/1576595872.4841955.jpg,1280,960,66,3,0,63,55,14,11,0.7971,0.8333,0.8148,0.7004,69,0.779,50,18,16,0.7353,0.7576,0.7463,0.6645,68,0.7463,49,20,17,0.7101,0.7424,0.7259,0.6765,69,0.7653,False,False,False,-0.0889,-0.0204,-0.0889
18278,/Users/orram/Tensorleap/data/warehouse/dataset/subset-3/2019-12-17_10/Cam3/1576595884.6509235.jpg,1280,960,10,0,0,10,8,2,2,0.8,0.8,0.8,0.729,10,0.7784,8,5,2,0.6154,0.8,0.6957,0.7048,13,0.8405,7,0,3,1.0,0.7,0.8235,0.7159,7,0.8272,True,True,True,0.0235,0.1278,0.0235
18279,/Users/orram/Tensorleap/data/warehouse/dataset/subset-3/2019-12-17_10/Cam3/1576595890.188041.jpg,1280,960,40,0,0,40,23,12,17,0.6571,0.575,0.6133,0.7338,35,0.8583,25,13,15,0.6579,0.625,0.641,0.7126,38,0.8694,25,12,15,0.6757,0.625,0.6494,0.7233,37,0.8826,True,True,True,0.0361,0.0084,0.0084
18280,/Users/orram/Tensorleap/data/warehouse/dataset/subset-3/2019-12-17_10/Cam3/1576595900.1642187.jpg,1280,960,23,0,0,23,17,9,6,0.6538,0.7391,0.6939,0.6972,26,0.8217,18,8,5,0.6923,0.7826,0.7347,0.684,26,0.8539,14,11,9,0.56,0.6087,0.5833,0.6922,25,0.8418,False,False,False,-0.1106,-0.1514,-0.1514
18281,/Users/orram/Tensorleap/data/warehouse/dataset/subset-3/2019-12-17_10/Cam3/1576595933.3671212.jpg,1280,960,22,0,0,22,13,11,9,0.5417,0.5909,0.5652,0.6915,24,0.8683,14,10,8,0.5833,0.6364,0.6087,0.7137,24,0.8292,13,9,9,0.5909,0.5909,0.5909,0.7088,22,0.9168,True,False,False,0.0257,-0.0178,-0.0178
18282,/Users/orram/Tensorleap/data/warehouse/dataset/subset-3/2019-12-17_10/Cam3/1576595959.9005308.jpg,1280,960,17,0,0,17,13,10,4,0.5652,0.7647,0.65,0.6492,23,0.8764,9,9,8,0.5,0.5294,0.5143,0.7101,18,0.8434,10,10,7,0.5,0.5882,0.5405,0.6935,20,0.8267,False,True,False,-0.1095,0.0262,-0.1095
18283,/Users/orram/Tensorleap/data/warehouse/dataset/subset-3/2019-12-17_10/Cam3/1576595989.8355398.jpg,1280,960,18,0,0,18,13,8,5,0.619,0.7222,0.6667,0.7017,21,0.7165,13,8,5,0.619,0.7222,0.6667,0.6907,21,0.7319,11,6,7,0.6471,0.6111,0.6286,0.6901,17,0.8002,False,False,False,-0.0381,-0.0381,-0.0381
18284,/Users/orram/Tensorleap/data/warehouse/dataset/subset-3/2019-12-17_10/Cam3/1576595995.3747888.jpg,1280,960,28,0,0,28,17,12,11,0.5862,0.6071,0.5965,0.7195,29,0.7317,18,8,10,0.6923,0.6429,0.6667,0.7096,26,0.7725,20,4,8,0.8333,0.7143,0.7692,0.6809,24,0.7765,True,True,True,0.1727,0.1025,0.1025
18285,/Users/orram/Tensorleap/data/warehouse/dataset/subset-3/2019-12-17_10/Cam3/1576596004.2096212.jpg,1280,960,11,0,0,11,6,8,5,0.4286,0.5455,0.48,0.6602,14,0.8134,6,7,5,0.4615,0.5455,0.5,0.6789,13,0.8325,7,9,4,0.4375,0.6364,0.5185,0.6681,16,0.81,True,True,True,0.0385,0.0185,0.0185
18286,/Users/orram/Tensorleap/data/warehouse/dataset/subset-3/2019-12-17_10/Cam3/1576596007.5435202.jpg,1280,960,13,0,0,13,7,5,6,0.5833,0.5385,0.56,0.6886,12,0.7282,7,4,6,0.6364,0.5385,0.5833,0.6924,11,0.8229,8,2,5,0.8,0.6154,0.6957,0.6829,10,0.8089,True,True,True,0.1357,0.1124,0.1124
18287,/Users/orram/Tensorleap/data/warehouse/dataset/subset-3/2019-12-17_10/Cam3/1576596009.762315.jpg,1280,960,32,2,0,30,13,16,19,0.4483,0.4062,0.4262,0.6117,29,0.7067,14,14,18,0.5,0.4375,0.4667,0.6486,28,0.8245,15,14,17,0.5172,0.4688,0.4918,0.6678,29,0.8217,True,True,True,0.0656,0.0251,0.0251
18288,/Users/orram/Tensorleap/data/warehouse/dataset/subset-3/2019-12-17_10/Cam3/1576596010.856596.jpg,1280,960,29,2,0,27,15,14,14,0.5172,0.5172,0.5172,0.6917,29,0.7078,19,10,10,0.6552,0.6552,0.6552,0.6903,29,0.7507,18,11,11,0.6207,0.6207,0.6207,0.7095,29,0.7842,True,False,False,0.1035,-0.0345,-0.0345
18289,/Users/orram/Tensorleap/data/warehouse/dataset/subset-3/2019-12-17_10/Cam3/1576596021.9482577.jpg,1280,960,64,3,0,61,47,15,17,0.7581,0.7344,0.746,0.6849,62,0.7814,39,21,25,0.65,0.6094,0.629,0.6954,60,0.8123,40,24,24,0.625,0.625,0.625,0.6991,64,0.8168,False,False,False,-0.121,-0.004,-0.121
18290,/Users/orram/Tensorleap/data/warehouse/dataset/subset-3/2019-12-17_10/Cam3/1576596029.6918302.jpg,1280,960,54,3,0,51,37,20,17,0.6491,0.6852,0.6667,0.7003,57,0.7397,37,15,17,0.7115,0.6852,0.6981,0.6963,52,0.7968,35,19,19,0.6481,0.6481,0.6481,0.6713,54,0.8376,False,False,False,-0.0186,-0.05,-0.05
18291,/Users/orram/Tensorleap/data/warehouse/dataset/subset-3/2019-12-17_10/Cam3/1576596062.891221.jpg,1280,960,21,0,0,21,13,9,8,0.5909,0.619,0.6047,0.6997,22,0.8861,14,9,7,0.6087,0.6667,0.6364,0.699,23,0.8731,15,6,6,0.7143,0.7143,0.7143,0.6649,21,0.8511,True,True,True,0.1096,0.0779,0.0779
18292,/Users/orram/Tensorleap/data/warehouse/dataset/subset-3/2019-12-17_10/Cam3/1576596067.3231273.jpg,1280,960,16,0,0,16,12,6,4,0.6667,0.75,0.7059,0.7249,18,0.6986,11,9,5,0.55,0.6875,0.6111,0.7157,20,0.8377,10,7,6,0.5882,0.625,0.6061,0.6773,17,0.7289,False,False,False,-0.0998,-0.005,-0.0998
18293,/Users/orram/Tensorleap/data/warehouse/dataset/subset-3/2019-12-17_10/Cam3/1576596068.427438.jpg,1280,960,24,0,0,24,15,4,9,0.7895,0.625,0.6977,0.6846,19,0.7481,12,7,12,0.6316,0.5,0.5581,0.6729,19,0.7672,13,7,11,0.65,0.5417,0.5909,0.6811,20,0.7609,False,True,False,-0.1068,0.0328,-0.1068
18294,/Users/orram/Tensorleap/data/warehouse/dataset/subset-3/2019-12-17_10/Cam3/1576596075.0650432.jpg,1280,960,11,0,0,11,5,11,6,0.3125,0.4545,0.3704,0.6493,16,0.7474,8,8,3,0.5,0.7273,0.5926,0.6718,16,0.7934,7,7,4,0.5,0.6364,0.56,0.7172,14,0.8608,True,False,False,0.1896,-0.0326,-0.0326
18295,/Users/orram/Tensorleap/data/warehouse/dataset/subset-3/2019-12-17_10/Cam3/1576596080.5941865.jpg,1280,960,15,0,0,15,7,3,8,0.7,0.4667,0.56,0.7123,10,0.9342,12,1,3,0.9231,0.8,0.8571,0.6898,13,0.916,12,2,3,0.8571,0.8,0.8276,0.7359,14,0.9362,True,False,False,0.2676,-0.0295,-0.0295
18296,/Users/orram/Tensorleap/data/warehouse/dataset/subset-3/2019-12-17_10/Cam3/1576596127.1096761.jpg,1280,960,22,0,0,22,12,16,10,0.4286,0.5455,0.48,0.6479,28,0.7291,12,15,10,0.4444,0.5455,0.4898,0.6642,27,0.7699,14,16,8,0.4667,0.6364,0.5385,0.6839,30,0.7837,True,True,True,0.0585,0.0487,0.0487
18297,/Users/orram/Tensorleap/data/warehouse/dataset/subset-3/2019-12-17_10/Cam3/1576596178.1127164.jpg,1280,960,29,0,0,29,21,7,8,0.75,0.7241,0.7368,0.6809,28,0.8738,16,9,13,0.64,0.5517,0.5926,0.682,25,0.8776,17,10,12,0.6296,0.5862,0.6071,0.6812,27,0.8899,False,True,False,-0.1297,0.0145,-0.1297
18298,/Users/orram/Tensorleap/data/warehouse/dataset/subset-3/2019-12-17_10/Cam3/1576596180.3305972.jpg,1280,960,22,0,0,22,15,17,7,0.4688,0.6818,0.5556,0.6785,32,0.8906,18,16,4,0.5294,0.8182,0.6429,0.6588,34,0.8684,19,10,3,0.6552,0.8636,0.7451,0.6456,29,0.8688,True,True,True,0.1895,0.1022,0.1022
18299,/Users/orram/Tensorleap/data/warehouse/dataset/subset-3/2019-12-17_10/Cam3/1576596192.5250401.jpg,1280,960,32,3,0,29,15,7,17,0.6818,0.4688,0.5556,0.7415,22,0.8517,14,10,18,0.5833,0.4375,0.5,0.7508,24,0.8702,14,8,18,0.6364,0.4375,0.5185,0.691,22,0.8731,False,True,False,-0.0371,0.0185,-0.0371
18300,/Users/orram/Tensorleap/data/warehouse/dataset/subset-3/2019-12-17_10/Cam3/1576596194.7408586.jpg,1280,960,29,3,0,26,9,6,20,0.6,0.3103,0.4091,0.7217,15,0.8709,8,8,21,0.5,0.2759,0.3556,0.7603,16,0.8589,9,5,20,0.6429,0.3103,0.4186,0.7072,14,0.8432,True,True,True,0.0095,0.063,0.0095
18301,/Users/orram/Tensorleap/data/warehouse/dataset/subset-3/2019-12-17_10/Cam3/1576596201.3884993.jpg,1280,960,39,2,0,37,22,16,17,0.5789,0.5641,0.5714,0.6761,38,0.8351,22,15,17,0.5946,0.5641,0.5789,0.6698,37,0.8715,21,16,18,0.5676,0.5385,0.5526,0.6367,37,0.8626,False,False,False,-0.0188,-0.0263,-0.0263
18302,/Users/orram/Tensorleap/data/warehouse/dataset/subset-3/2019-12-17_10/Cam3/1576596202.4981503.jpg,1280,960,41,2,0,39,27,14,14,0.6585,0.6585,0.6585,0.6594,41,0.8321,19,12,22,0.6129,0.4634,0.5278,0.6815,31,0.8566,24,16,17,0.6,0.5854,0.5926,0.6589,40,0.8588,False,True,False,-0.0659,0.0648,-0.0659
18303,/Users/orram/Tensorleap/data/warehouse/dataset/subset-3/2019-12-17_10/Cam3/1576596211.3533392.jpg,1280,960,1,0,0,1,1,0,0,1.0,1.0,1.0,0.5374,1,0.6466,1,5,0,0.1667,1.0,0.2857,0.639,6,0.7697,1,2,0,0.3333,1.0,0.5,0.5973,3,0.7663,False,True,False,-0.5,0.2143,-0.5
18304,/Users/orram/Tensorleap/data/warehouse/dataset/subset-3/2019-12-17_10/Cam3/1576596226.9412131.jpg,1280,960,0,0,0,0,0,1,0,0.0,0.0,0.0,0.0,1,0.6672,0,7,0,0.0,0.0,0.0,0.0,7,0.7599,0,1,0,0.0,0.0,0.0,0.0,1,0.6753,False,False,False,0.0,0.0,0.0
18305,/Users/orram/Tensorleap/data/warehouse/dataset/subset-3/2019-12-17_10/Cam3/1576596250.1925747.jpg,1280,960,50,1,0,49,43,7,7,0.86,0.86,0.86,0.7358,50,0.872,30,4,20,0.8824,0.6,0.7143,0.744,34,0.8284,31,2,19,0.9394,0.62,0.747,0.7402,33,0.8523,False,True,False,-0.113,0.0327,-0.113
18306,/Users/orram/Tensorleap/data/warehouse/dataset/subset-3/2019-12-17_10/Cam3/1576596263.4767444.jpg,1280,960,7,1,0,6,1,0,6,1.0,0.1429,0.25,0.5109,1,0.3153,0,1,7,0.0,0.0,0.0,0.0,1,0.4074,0,0,7,0.0,0.0,0.0,0.0,0,0.0,False,False,False,-0.25,0.0,-0.25
18307,/Users/orram/Tensorleap/data/warehouse/dataset/subset-3/2019-12-17_10/Cam3/1576596266.793821.jpg,1280,960,16,0,0,16,16,2,0,0.8889,1.0,0.9412,0.7858,18,0.8503,16,0,0,1.0,1.0,1.0,0.7926,16,0.8453,16,1,0,0.9412,1.0,0.9697,0.7757,17,0.8725,True,False,False,0.0285,-0.0303,-0.0303
18308,/Users/orram/Tensorleap/data/warehouse/dataset/subset-3/2019-12-17_10/Cam3/1576596295.500085.jpg,1280,960,2,1,1,0,2,1,0,0.6667,1.0,0.8,0.8776,3,0.7372,1,2,1,0.3333,0.5,0.4,0.981,3,0.7162,0,2,2,0.0,0.0,0.0,0.0,2,0.7137,False,False,False,-0.8,-0.4,-0.8
18309,/Users/orram/Tensorleap/data/warehouse/dataset/subset-3/2019-12-17_10/Cam3/1576596307.648425.jpg,1280,960,3,0,0,3,3,0,0,1.0,1.0,1.0,0.7239,3,0.6784,3,0,0,1.0,1.0,1.0,0.8107,3,0.7519,3,0,0,1.0,1.0,1.0,0.7524,3,0.7754,False,False,False,0.0,0.0,0.0
18310,/Users/orram/Tensorleap/data/warehouse/dataset/subset-3/2019-12-17_10/Cam3/1576596308.7555194.jpg,1280,960,2,0,0,2,1,0,1,1.0,0.5,0.6667,0.7685,1,0.7049,2,0,0,1.0,1.0,1.0,0.7041,2,0.6173,1,0,1,1.0,0.5,0.6667,0.759,1,0.5089,False,False,False,0.0,-0.3333,-0.3333
18311,/Users/orram/Tensorleap/data/warehouse/dataset/subset-3/2019-12-17_10/Cam3/1576596312.0610878.jpg,1280,960,1,0,0,1,0,2,1,0.0,0.0,0.0,0.0,2,0.4787,0,0,1,0.0,0.0,0.0,0.0,0,0.0,0,1,1,0.0,0.0,0.0,0.0,1,0.44,False,False,False,0.0,0.0,0.0
18312,"/Users/orram/Tensorleap/data/warehouse/dataset/subset-3/2019-12-17_5/Kinect/color/249065,0853.jpg",1920,1080,14,0,0,14,13,8,1,0.619,0.9286,0.7429,0.7522,21,0.8768,13,1,1,0.9286,0.9286,0.9286,0.7376,14,0.8932,12,9,2,0.5714,0.8571,0.6857,0.7509,21,0.9076,False,False,False,-0.0572,-0.2429,-0.2429
18313,"/Users/orram/Tensorleap/data/warehouse/dataset/subset-3/2019-12-17_5/Kinect/color/269932,1811.jpg",1920,1080,7,0,1,6,6,6,1,0.5,0.8571,0.6316,0.723,12,0.8172,6,9,1,0.4,0.8571,0.5455,0.7522,15,0.8088,5,8,2,0.3846,0.7143,0.5,0.7334,13,0.815,False,False,False,-0.1316,-0.0455,-0.1316
18314,"/Users/orram/Tensorleap/data/warehouse/dataset/subset-3/2019-12-17_5/Kinect/color/276398,8896.jpg",1920,1080,6,0,0,6,6,7,0,0.4615,1.0,0.6316,0.7367,13,0.847,6,6,0,0.5,1.0,0.6667,0.7641,12,0.8465,6,5,0,0.5455,1.0,0.7059,0.773,11,0.8297,True,True,True,0.0743,0.0392,0.0392
18315,"/Users/orram/Tensorleap/data/warehouse/dataset/subset-3/2019-12-17_5/Kinect/color/287964,7819.jpg",1920,1080,2,1,1,0,1,2,1,0.3333,0.5,0.4,0.574,3,0.6776,1,1,1,0.5,0.5,0.5,0.9109,2,0.7484,0,1,2,0.0,0.0,0.0,0.0,1,0.6003,False,False,False,-0.4,-0.5,-0.5
18316,"/Users/orram/Tensorleap/data/warehouse/dataset/subset-3/2019-12-17_5/Kinect/color/294231,6619.jpg",1920,1080,12,1,0,11,4,2,8,0.6667,0.3333,0.4444,0.7814,6,0.7639,2,2,10,0.5,0.1667,0.25,0.6745,4,0.7606,3,2,9,0.6,0.25,0.3529,0.7457,5,0.7621,False,True,False,-0.0915,0.1029,-0.0915
18317,"/Users/orram/Tensorleap/data/warehouse/dataset/subset-3/2019-12-17_5/Kinect/color/316631,4813.jpg",1920,1080,138,0,0,138,48,20,90,0.7059,0.3478,0.466,0.7,68,0.8542,48,20,90,0.7059,0.3478,0.466,0.7058,68,0.8757,57,21,81,0.7308,0.413,0.5278,0.6977,78,0.8504,True,True,True,0.0618,0.0618,0.0618
18318,"/Users/orram/Tensorleap/data/warehouse/dataset/subset-3/2019-12-17_5/RealSense/color/0/1576591689764,88.jpg",1920,1080,5,3,0,2,0,0,5,0.0,0.0,0.0,0.0,0,0.0,0,1,5,0.0,0.0,0.0,0.0,1,0.3198,0,0,5,0.0,0.0,0.0,0.0,0,0.0,False,False,False,0.0,0.0,0.0
18319,"/Users/orram/Tensorleap/data/warehouse/dataset/subset-3/2019-12-17_5/RealSense/color/0/1576591773051,82.jpg",1920,1080,123,0,0,123,56,10,67,0.8485,0.4553,0.5926,0.7153,66,0.7982,49,4,74,0.9245,0.3984,0.5568,0.735,53,0.7956,52,7,71,0.8814,0.4228,0.5714,0.7315,59,0.8028,False,True,False,-0.0212,0.0146,-0.0212
18320,"/Users/orram/Tensorleap/data/warehouse/dataset/subset-3/2019-12-17_5/RealSense/color/0/1576591972580,44.jpg",1920,1080,139,1,0,138,61,36,78,0.6289,0.4388,0.5169,0.6751,97,0.8143,51,30,88,0.6296,0.3669,0.4636,0.7107,81,0.8149,47,17,92,0.7344,0.3381,0.4631,0.7186,64,0.8199,False,False,False,-0.0538,-0.0005,-0.0538
18321,"/Users/orram/Tensorleap/data/warehouse/dataset/subset-3/2019-12-17_5/RealSense/color/0/1576591980529,56.jpg",1920,1080,96,0,0,96,31,27,65,0.5345,0.3229,0.4026,0.6784,58,0.7267,18,9,78,0.6667,0.1875,0.2927,0.706,27,0.7471,23,12,73,0.6571,0.2396,0.3511,0.6925,35,0.7477,False,True,False,-0.0515,0.0584,-0.0515
18322,"/Users/orram/Tensorleap/data/warehouse/dataset/subset-3/2019-12-17_5/RealSense/color/0/1576591989800,56.jpg",1920,1080,86,0,1,85,31,32,55,0.4921,0.3605,0.4161,0.645,63,0.7203,32,27,54,0.5424,0.3721,0.4414,0.6569,59,0.7692,32,31,54,0.5079,0.3721,0.4295,0.6886,63,0.7604,True,False,False,0.0134,-0.0119,-0.0119
18323,"/Users/orram/Tensorleap/data/warehouse/dataset/subset-3/2019-12-17_5/RealSense/color/0/1576591999735,49.jpg",1920,1080,7,0,1,6,4,2,3,0.6667,0.5714,0.6154,0.6025,6,0.7035,4,3,3,0.5714,0.5714,0.5714,0.6222,7,0.6964,5,4,2,0.5556,0.7143,0.625,0.6124,9,0.7068,True,True,True,0.0096,0.0536,0.0096
18324,"/Users/orram/Tensorleap/data/warehouse/dataset/subset-3/2019-12-17_5/RealSense/color/0/1576592038151,21.jpg",1920,1080,73,0,0,73,30,35,43,0.4615,0.411,0.4348,0.6999,65,0.8657,27,43,46,0.3857,0.3699,0.3776,0.6919,70,0.8661,31,37,42,0.4559,0.4247,0.4397,0.7165,68,0.8524,True,True,True,0.0049,0.0621,0.0049
18325,"/Users/orram/Tensorleap/data/warehouse/dataset/subset-3/2019-12-17_5/RealSense/color/0/1576592044773,18.jpg",1920,1080,76,0,0,76,37,29,39,0.5606,0.4868,0.5211,0.7047,66,0.805,41,28,35,0.5942,0.5395,0.5655,0.6914,69,0.8617,42,26,34,0.6176,0.5526,0.5833,0.6765,68,0.8416,True,True,True,0.0622,0.0178,0.0178
18326,"/Users/orram/Tensorleap/data/warehouse/dataset/subset-3/2019-12-17_5/RealSense/color/0/1576592047754,03.jpg",1920,1080,64,0,0,64,35,22,29,0.614,0.5469,0.5785,0.6755,57,0.8107,36,23,28,0.6102,0.5625,0.5854,0.6853,59,0.8517,35,16,29,0.6863,0.5469,0.6087,0.6713,51,0.8526,True,True,True,0.0302,0.0233,0.0233
18327,"/Users/orram/Tensorleap/data/warehouse/dataset/subset-3/2019-12-17_6/RealSense/color/0/1576592133193,67.jpg",1920,1080,36,0,0,36,22,17,14,0.5641,0.6111,0.5867,0.682,39,0.858,30,11,6,0.7317,0.8333,0.7792,0.67,41,0.877,24,13,12,0.6486,0.6667,0.6575,0.6697,37,0.8615,True,False,False,0.0708,-0.1217,-0.1217
18328,"/Users/orram/Tensorleap/data/warehouse/dataset/subset-3/2019-12-17_6/RealSense/color/0/1576592267810,76.jpg",1920,1080,45,0,0,45,31,15,14,0.6739,0.6889,0.6813,0.6634,46,0.7888,31,16,14,0.6596,0.6889,0.6739,0.6819,47,0.8058,28,14,17,0.6667,0.6222,0.6437,0.6678,42,0.8481,False,False,False,-0.0376,-0.0302,-0.0376
18329,"/Users/orram/Tensorleap/data/warehouse/dataset/subset-3/2019-12-17_6/RealSense/color/0/1576592269797,55.jpg",1920,1080,39,0,0,39,24,26,15,0.48,0.6154,0.5393,0.6828,50,0.7881,23,26,16,0.4694,0.5897,0.5227,0.6996,49,0.8076,25,16,14,0.6098,0.641,0.625,0.6902,41,0.8337,True,True,True,0.0857,0.1023,0.0857
18330,"/Users/orram/Tensorleap/data/warehouse/dataset/subset-3/2019-12-17_6/RealSense/color/0/1576592271122,39.jpg",1920,1080,42,0,0,42,29,21,13,0.58,0.6905,0.6304,0.6731,50,0.7888,27,21,15,0.5625,0.6429,0.6,0.6895,48,0.8157,23,16,19,0.5897,0.5476,0.5679,0.6944,39,0.8304,False,False,False,-0.0625,-0.0321,-0.0625
18331,"/Users/orram/Tensorleap/data/warehouse/dataset/subset-3/2019-12-17_7/RealSense/color/0/1576592469313,58.jpg",1920,1080,45,0,0,45,24,13,21,0.6486,0.5333,0.5854,0.6991,37,0.8371,28,14,17,0.6667,0.6222,0.6437,0.6869,42,0.8775,27,9,18,0.75,0.6,0.6667,0.6991,36,0.8665,True,True,True,0.0813,0.023,0.023
18332,"/Users/orram/Tensorleap/data/warehouse/dataset/subset-3/2019-12-17_7/RealSense/color/0/1576592474280,3.jpg",1920,1080,44,0,0,44,23,10,21,0.697,0.5227,0.5974,0.7095,33,0.83,22,16,22,0.5789,0.5,0.5366,0.725,38,0.8574,22,14,22,0.6111,0.5,0.55,0.7176,36,0.8377,False,True,False,-0.0474,0.0134,-0.0474
18333,"/Users/orram/Tensorleap/data/warehouse/dataset/subset-3/2019-12-17_7/RealSense/color/0/1576592476266,04.jpg",1920,1080,39,0,0,39,15,9,24,0.625,0.3846,0.4762,0.7372,24,0.865,19,13,20,0.5938,0.4872,0.5352,0.7318,32,0.8872,21,10,18,0.6774,0.5385,0.6,0.7016,31,0.8665,True,True,True,0.1238,0.0648,0.0648
18334,"/Users/orram/Tensorleap/data/warehouse/dataset/subset-3/2019-12-17_8/Kinect/color/253874,2346.jpg",1920,1080,29,0,0,29,19,7,10,0.7308,0.6552,0.6909,0.734,26,0.859,18,13,11,0.5806,0.6207,0.6,0.7194,31,0.8675,18,11,11,0.6207,0.6207,0.6207,0.7423,29,0.8845,False,True,False,-0.0702,0.0207,-0.0702
18335,"/Users/orram/Tensorleap/data/warehouse/dataset/subset-3/2019-12-17_8/Kinect/color/261941,061.jpg",1920,1080,23,0,0,23,15,8,8,0.6522,0.6522,0.6522,0.7134,23,0.8169,14,12,9,0.5385,0.6087,0.5714,0.7146,26,0.8246,15,9,8,0.625,0.6522,0.6383,0.7299,24,0.8697,False,True,False,-0.0139,0.0669,-0.0139
18336,"/Users/orram/Tensorleap/data/warehouse/dataset/subset-3/2019-12-17_8/RealSense/color/0/1576592595693,18.jpg",1920,1080,34,0,0,34,16,8,18,0.6667,0.4706,0.5517,0.7113,24,0.8134,15,12,19,0.5556,0.4412,0.4918,0.72,27,0.8813,15,11,19,0.5769,0.4412,0.5,0.6914,26,0.809,False,True,False,-0.0517,0.0082,-0.0517
18337,"/Users/orram/Tensorleap/data/warehouse/dataset/subset-3/2019-12-17_8/RealSense/color/0/1576592608448,04.jpg",1920,1080,24,0,0,24,15,9,9,0.625,0.625,0.625,0.6739,24,0.7885,10,10,14,0.5,0.4167,0.4545,0.7239,20,0.8693,14,10,10,0.5833,0.5833,0.5833,0.6971,24,0.8547,False,True,False,-0.0417,0.1288,-0.0417
18338,"/Users/orram/Tensorleap/data/warehouse/dataset/subset-3/2019-12-17_8/RealSense/color/0/1576592653982,98.jpg",1920,1080,54,0,0,54,29,29,25,0.5,0.537,0.5179,0.6673,58,0.8485,33,18,21,0.6471,0.6111,0.6286,0.6556,51,0.8653,31,24,23,0.5636,0.5741,0.5688,0.6439,55,0.8421,True,False,False,0.0509,-0.0598,-0.0598
18339,"/Users/orram/Tensorleap/data/warehouse/dataset/subset-3/2019-12-17_8/RealSense/color/0/1576592669546,51.jpg",1920,1080,23,1,1,21,15,11,8,0.5769,0.6522,0.6122,0.6887,26,0.8053,14,13,9,0.5185,0.6087,0.56,0.673,27,0.8005,14,14,9,0.5,0.6087,0.549,0.7143,28,0.7832,False,False,False,-0.0632,-0.011,-0.0632
18340,"/Users/orram/Tensorleap/data/warehouse/dataset/subset-3/2019-12-17_8/RealSense/color/0/1576592671534,78.jpg",1920,1080,43,2,1,40,24,20,19,0.5455,0.5581,0.5517,0.7041,44,0.8198,25,15,18,0.625,0.5814,0.6024,0.7212,40,0.8204,25,18,18,0.5814,0.5814,0.5814,0.6982,43,0.8347,True,False,False,0.0297,-0.021,-0.021
18341,"/Users/orram/Tensorleap/data/warehouse/dataset/subset-3/2019-12-17_8/RealSense/color/0/1576592674514,49.jpg",1920,1080,46,3,1,42,21,16,25,0.5676,0.4565,0.506,0.696,37,0.8217,23,15,23,0.6053,0.5,0.5476,0.7238,38,0.8637,23,15,23,0.6053,0.5,0.5476,0.7052,38,0.8347,True,False,False,0.0416,0.0,0.0
18342,"/Users/orram/Tensorleap/data/warehouse/dataset/subset-3/2019-12-17_8/RealSense/color/0/1576592709449,37.jpg",1920,1080,34,3,1,30,15,20,19,0.4286,0.4412,0.4348,0.732,35,0.8492,20,15,14,0.5714,0.5882,0.5797,0.6934,35,0.8842,19,17,15,0.5278,0.5588,0.5429,0.7128,36,0.8593,True,False,False,0.1081,-0.0368,-0.0368
18343,"/Users/orram/Tensorleap/data/warehouse/dataset/subset-3/2019-12-17_8/RealSense/color/0/1576592713423,6.jpg",1920,1080,30,3,1,26,20,11,10,0.6452,0.6667,0.6557,0.699,31,0.8676,17,11,13,0.6071,0.5667,0.5862,0.7213,28,0.8965,19,15,11,0.5588,0.6333,0.5938,0.7428,34,0.8778,False,True,False,-0.0619,0.0076,-0.0619
18344,"/Users/orram/Tensorleap/data/warehouse/dataset/subset-3/2019-12-17_8/RealSense/color/0/1576592740250,09.jpg",1920,1080,37,3,1,33,19,12,18,0.6129,0.5135,0.5588,0.6606,31,0.8572,14,11,23,0.56,0.3784,0.4516,0.6999,25,0.8917,12,14,25,0.4615,0.3243,0.381,0.6773,26,0.8741,False,False,False,-0.1778,-0.0706,-0.1778
18345,"/Users/orram/Tensorleap/data/warehouse/dataset/subset-3/2019-12-17_8/RealSense/color/0/1576592741574,07.jpg",1920,1080,39,3,1,35,15,10,24,0.6,0.3846,0.4688,0.6975,25,0.8641,13,12,26,0.52,0.3333,0.4063,0.7233,25,0.8922,14,18,25,0.4375,0.359,0.3944,0.669,32,0.8593,False,False,False,-0.0744,-0.0119,-0.0744
18346,"/Users/orram/Tensorleap/data/warehouse/dataset/subset-3/2019-12-17_8/RealSense/color/0/1576592745383,8.jpg",1920,1080,33,0,1,32,16,10,17,0.6154,0.4848,0.5424,0.7119,26,0.8213,12,11,21,0.5217,0.3636,0.4286,0.7296,23,0.8599,13,14,20,0.4815,0.3939,0.4333,0.7155,27,0.8355,False,True,False,-0.1091,0.0047,-0.1091
18347,"/Users/orram/Tensorleap/data/warehouse/dataset/subset-3/2019-12-17_8/RealSense/color/0/1576592746374,78.jpg",1920,1080,32,3,1,28,10,16,22,0.3846,0.3125,0.3448,0.7495,26,0.8628,10,14,22,0.4167,0.3125,0.3571,0.7638,24,0.8935,11,13,21,0.4583,0.3438,0.3929,0.749,24,0.8736,True,True,True,0.0481,0.0358,0.0358
18348,"/Users/orram/Tensorleap/data/warehouse/dataset/subset-3/2019-12-17_8/RealSense/color/0/1576592752171,47.jpg",1920,1080,31,3,1,27,11,9,20,0.55,0.3548,0.4314,0.7164,20,0.8033,7,7,24,0.5,0.2258,0.3111,0.7317,14,0.8735,7,10,24,0.4118,0.2258,0.2917,0.7248,17,0.8597,False,False,False,-0.1397,-0.0194,-0.1397
18349,"/Users/orram/Tensorleap/data/warehouse/dataset/subset-3/2019-12-17_8/RealSense/color/0/1576592758133,58.jpg",1920,1080,24,3,1,20,8,0,16,1.0,0.3333,0.5,0.6862,8,0.8281,4,9,20,0.3077,0.1667,0.2162,0.6679,13,0.8716,4,5,20,0.4444,0.1667,0.2424,0.6836,9,0.8517,False,True,False,-0.2576,0.0262,-0.2576
18350,"/Users/orram/Tensorleap/data/warehouse/dataset/subset-3/2019-12-17_8/RealSense/color/0/1576592762104,81.jpg",1920,1080,26,2,1,23,17,12,9,0.5862,0.6538,0.6182,0.6682,29,0.7752,12,7,14,0.6316,0.4615,0.5333,0.7189,19,0.8242,12,8,14,0.6,0.4615,0.5217,0.6579,20,0.8003,False,False,False,-0.0965,-0.0116,-0.0965
18351,"/Users/orram/Tensorleap/data/warehouse/dataset/subset-3/2019-12-17_8/RealSense/color/0/1576592766412,21.jpg",1920,1080,22,1,1,20,15,12,7,0.5556,0.6818,0.6122,0.6906,27,0.7786,16,6,6,0.7273,0.7273,0.7273,0.6739,22,0.756,13,13,9,0.5,0.5909,0.5417,0.6814,26,0.7717,False,False,False,-0.0705,-0.1856,-0.1856
18354,"/Users/orram/Tensorleap/data/warehouse/dataset/subset-3/2019-12-17_9/Kinect/color/2408486,3593.jpg",1920,1080,22,0,0,22,16,16,6,0.5,0.7273,0.5926,0.5999,32,0.4994,18,15,4,0.5455,0.8182,0.6545,0.6203,33,0.5458,13,17,9,0.4333,0.5909,0.5,0.6146,30,0.5809,False,False,False,-0.0926,-0.1545,-0.1545
18355,"/Users/orram/Tensorleap/data/warehouse/dataset/subset-3/2019-12-17_9/Kinect/color/2440385,9587.jpg",1920,1080,33,0,0,33,13,19,20,0.4062,0.3939,0.4,0.639,32,0.4241,19,26,14,0.4222,0.5758,0.4872,0.6471,45,0.4996,18,23,15,0.439,0.5455,0.4865,0.6891,41,0.4834,True,False,False,0.0865,-0.0007,-0.0007
18357,"/Users/orram/Tensorleap/data/warehouse/dataset/subset-3/2019-12-17_9/Kinect/color/2572818,4245.jpg",1920,1080,1,0,0,1,0,0,1,0.0,0.0,0.0,0.0,0,0.0,0,3,1,0.0,0.0,0.0,0.0,3,0.4116,0,0,1,0.0,0.0,0.0,0.0,0,0.0,False,False,False,0.0,0.0,0.0
18358,"/Users/orram/Tensorleap/data/warehouse/dataset/subset-3/2019-12-17_9/Kinect/color/2600584,1493.jpg",1920,1080,100,4,0,96,27,20,73,0.5745,0.27,0.3673,0.6351,47,0.7506,18,14,82,0.5625,0.18,0.2727,0.6599,32,0.7845,23,19,77,0.5476,0.23,0.3239,0.6566,42,0.7711,False,True,False,-0.0434,0.0512,-0.0434
18359,"/Users/orram/Tensorleap/data/warehouse/dataset/subset-3/2019-12-17_9/Kinect/color/2634917,6875.jpg",1920,1080,29,0,0,29,16,10,13,0.6154,0.5517,0.5818,0.6326,26,0.7612,12,8,17,0.6,0.4138,0.4898,0.6422,20,0.8053,19,10,10,0.6552,0.6552,0.6552,0.6491,29,0.8095,True,True,True,0.0734,0.1654,0.0734
18360,"/Users/orram/Tensorleap/data/warehouse/dataset/subset-3/2019-12-17_9/Kinect/color/2636517,6713.jpg",1920,1080,23,0,0,23,1,1,22,0.5,0.0435,0.08,0.8543,2,0.5753,2,1,21,0.6667,0.087,0.1538,0.7013,3,0.6243,4,6,19,0.4,0.1739,0.2424,0.6896,10,0.8095,True,True,True,0.1624,0.0886,0.0886
18361,"/Users/orram/Tensorleap/data/warehouse/dataset/subset-3/2019-12-17_9/Kinect/color/2646317,5483.jpg",1920,1080,15,0,0,15,5,7,10,0.4167,0.3333,0.3704,0.6281,12,0.4788,5,9,10,0.3571,0.3333,0.3448,0.6819,14,0.6349,4,7,11,0.3636,0.2667,0.3077,0.6668,11,0.6451,False,False,False,-0.0627,-0.0371,-0.0627
18362,"/Users/orram/Tensorleap/data/warehouse/dataset/subset-3/2019-12-17_9/Kinect/color/2658750,313.jpg",1920,1080,15,0,0,15,6,8,9,0.4286,0.4,0.4138,0.6633,14,0.5745,7,3,8,0.7,0.4667,0.56,0.6377,10,0.6942,9,6,6,0.6,0.6,0.6,0.6394,15,0.6659,True,True,True,0.1862,0.04,0.04
18363,"/Users/orram/Tensorleap/data/warehouse/dataset/subset-3/2019-12-17_9/Kinect/color/2694949,878.jpg",1920,1080,19,0,0,19,11,4,8,0.7333,0.5789,0.6471,0.7168,15,0.8142,13,3,6,0.8125,0.6842,0.7429,0.6943,16,0.8384,12,5,7,0.7059,0.6316,0.6667,0.6925,17,0.8221,True,False,False,0.0196,-0.0762,-0.0762
18364,"/Users/orram/Tensorleap/data/warehouse/dataset/subset-3/2019-12-17_9/Kinect/color/2750682,199.jpg",1920,1080,22,0,0,22,13,18,9,0.4194,0.5909,0.4906,0.7502,31,0.7857,14,14,8,0.5,0.6364,0.56,0.708,28,0.8477,14,14,8,0.5,0.6364,0.56,0.7338,28,0.8312,True,False,False,0.0694,0.0,0.0
18365,"/Users/orram/Tensorleap/data/warehouse/dataset/subset-3/2019-12-17_9/Kinect/color/2813948,4026.jpg",1920,1080,36,0,0,36,27,16,9,0.6279,0.75,0.6835,0.7158,43,0.8658,25,14,11,0.641,0.6944,0.6667,0.7205,39,0.8643,22,12,14,0.6471,0.6111,0.6286,0.7398,34,0.8842,False,False,False,-0.0549,-0.0381,-0.0549
18366,"/Users/orram/Tensorleap/data/warehouse/dataset/subset-3/2019-12-17_9/Kinect/color/2841281,0931.jpg",1920,1080,13,0,0,13,9,10,4,0.4737,0.6923,0.5625,0.6539,19,0.6151,8,10,5,0.4444,0.6154,0.5161,0.6371,18,0.7455,7,10,6,0.4118,0.5385,0.4667,0.6528,17,0.7662,False,False,False,-0.0958,-0.0494,-0.0958
18367,"/Users/orram/Tensorleap/data/warehouse/dataset/subset-3/2019-12-17_9/Kinect/color/2846281,3964.jpg",1920,1080,7,0,0,7,6,2,1,0.75,0.8571,0.8,0.6831,8,0.757,5,6,2,0.4545,0.7143,0.5556,0.6593,11,0.7875,7,2,0,0.7778,1.0,0.875,0.6714,9,0.8009,True,True,True,0.075,0.3194,0.075
18368,"/Users/orram/Tensorleap/data/warehouse/dataset/subset-3/2019-12-17_9/Kinect/color/2853747,9396.jpg",1920,1080,3,0,0,3,3,1,0,0.75,1.0,0.8571,0.7162,4,0.8303,3,1,0,0.75,1.0,0.8571,0.7495,4,0.8479,3,0,0,1.0,1.0,1.0,0.6944,3,0.8574,True,True,True,0.1429,0.1429,0.1429
18369,"/Users/orram/Tensorleap/data/warehouse/dataset/subset-3/2019-12-17_9/Kinect/color/2882314,687.jpg",1920,1080,83,0,0,83,31,25,52,0.5536,0.3735,0.446,0.6541,56,0.8258,43,19,40,0.6935,0.5181,0.5931,0.6499,62,0.8001,34,23,49,0.5965,0.4096,0.4857,0.6342,57,0.7859,True,False,False,0.0397,-0.1074,-0.1074
18370,"/Users/orram/Tensorleap/data/warehouse/dataset/subset-3/2019-12-17_9/Kinect/color/2914014,4167.jpg",1920,1080,60,0,0,60,38,14,22,0.7308,0.6333,0.6786,0.6897,52,0.8924,35,16,25,0.6863,0.5833,0.6306,0.6669,51,0.8955,34,17,26,0.6667,0.5667,0.6126,0.7036,51,0.8874,False,False,False,-0.066,-0.018,-0.066
18371,"/Users/orram/Tensorleap/data/warehouse/dataset/subset-3/2019-12-17_9/Kinect/color/2921747,1055.jpg",1920,1080,70,0,0,70,30,23,40,0.566,0.4286,0.4878,0.6796,53,0.8667,31,21,39,0.5962,0.4429,0.5082,0.64,52,0.8667,32,25,38,0.5614,0.4571,0.5039,0.6551,57,0.8801,True,False,False,0.0161,-0.0043,-0.0043
18372,"/Users/orram/Tensorleap/data/warehouse/dataset/subset-3/2019-12-17_9/Kinect/color/2976479,4473.jpg",1920,1080,75,0,1,74,38,28,37,0.5758,0.5067,0.539,0.6885,66,0.8426,39,30,36,0.5652,0.52,0.5417,0.6942,69,0.8535,37,27,38,0.5781,0.4933,0.5324,0.6889,64,0.8483,False,False,False,-0.0066,-0.0093,-0.0093
18373,"/Users/orram/Tensorleap/data/warehouse/dataset/subset-3/2019-12-17_9/Kinect/color/3017945,9429.jpg",1920,1080,40,0,2,38,33,14,7,0.7021,0.825,0.7586,0.6813,47,0.7948,31,11,9,0.7381,0.775,0.7561,0.6855,42,0.8372,32,11,8,0.7442,0.8,0.7711,0.6849,43,0.8542,True,True,True,0.0125,0.015,0.0125
18374,"/Users/orram/Tensorleap/data/warehouse/dataset/subset-3/2019-12-17_9/Kinect/color/3041378,6515.jpg",1920,1080,6,0,1,5,6,2,0,0.75,1.0,0.8571,0.6276,8,0.7951,4,5,2,0.4444,0.6667,0.5333,0.6982,9,0.8352,2,3,4,0.4,0.3333,0.3636,0.6789,5,0.8432,False,False,False,-0.4935,-0.1697,-0.4935
18375,"/Users/orram/Tensorleap/data/warehouse/dataset/subset-3/2019-12-17_9/Kinect/color/3048745,5484.jpg",1920,1080,74,3,1,70,38,12,36,0.76,0.5135,0.6129,0.7156,50,0.8246,30,19,44,0.6122,0.4054,0.4878,0.7102,49,0.7718,32,13,42,0.7111,0.4324,0.5378,0.7462,45,0.7564,False,True,False,-0.0751,0.05,-0.0751
18376,"/Users/orram/Tensorleap/data/warehouse/dataset/subset-3/2019-12-17_9/Kinect/color/3061578,3879.jpg",1920,1080,53,0,0,53,34,26,19,0.5667,0.6415,0.6018,0.6683,60,0.8875,37,28,16,0.5692,0.6981,0.6271,0.6425,65,0.8545,32,31,21,0.5079,0.6038,0.5517,0.6821,63,0.8291,False,False,False,-0.0501,-0.0754,-0.0754
18377,"/Users/orram/Tensorleap/data/warehouse/dataset/subset-3/2019-12-17_9/Kinect/color/3085478,117.jpg",1920,1080,53,0,0,53,31,16,22,0.6596,0.5849,0.62,0.6858,47,0.8334,34,17,19,0.6667,0.6415,0.6538,0.6928,51,0.8672,31,20,22,0.6078,0.5849,0.5962,0.7014,51,0.8247,False,False,False,-0.0238,-0.0576,-0.0576
18378,"/Users/orram/Tensorleap/data/warehouse/dataset/subset-3/2019-12-17_9/Kinect/color/3172077,0548.jpg",1920,1080,51,0,0,51,39,6,12,0.8667,0.7647,0.8125,0.704,45,0.887,36,8,15,0.8182,0.7059,0.7579,0.7158,44,0.8493,39,9,12,0.8125,0.7647,0.7879,0.7381,48,0.8485,False,True,False,-0.0246,0.03,-0.0246
18379,"/Users/orram/Tensorleap/data/warehouse/dataset/subset-3/2019-12-17_9/Kinect/color/3178876,9777.jpg",1920,1080,28,0,1,27,24,5,4,0.8276,0.8571,0.8421,0.7159,29,0.8691,23,5,5,0.8214,0.8214,0.8214,0.7038,28,0.8743,24,6,4,0.8,0.8571,0.8276,0.7069,30,0.8545,False,True,False,-0.0145,0.0062,-0.0145
18380,"/Users/orram/Tensorleap/data/warehouse/dataset/subset-3/2019-12-17_9/Kinect/color/3188443,9497.jpg",1920,1080,12,0,1,11,8,3,4,0.7273,0.6667,0.6957,0.7512,11,0.8614,8,3,4,0.7273,0.6667,0.6957,0.7803,11,0.8776,8,3,4,0.7273,0.6667,0.6957,0.7645,11,0.8731,False,False,False,0.0,0.0,0.0
18381,"/Users/orram/Tensorleap/data/warehouse/dataset/subset-3/2019-12-17_9/Kinect/color/3195243,8649.jpg",1920,1080,15,0,1,14,10,7,5,0.5882,0.6667,0.625,0.6722,17,0.9322,11,5,4,0.6875,0.7333,0.7097,0.6867,16,0.9265,11,3,4,0.7857,0.7333,0.7586,0.6791,14,0.9303,True,True,True,0.1336,0.0489,0.0489
18382,"/Users/orram/Tensorleap/data/warehouse/dataset/subset-3/2019-12-17_9/Kinect/color/3196576,7649.jpg",1920,1080,12,0,0,12,8,2,4,0.8,0.6667,0.7273,0.699,10,0.8574,9,1,3,0.9,0.75,0.8182,0.6666,10,0.8771,8,2,4,0.8,0.6667,0.7273,0.6752,10,0.8849,False,False,False,0.0,-0.0909,-0.0909
18383,"/Users/orram/Tensorleap/data/warehouse/dataset/subset-3/2019-12-17_9/Kinect/color/3206510,726.jpg",1920,1080,13,0,1,12,9,7,4,0.5625,0.6923,0.6207,0.7194,16,0.7351,7,4,6,0.6364,0.5385,0.5833,0.6926,11,0.8754,8,5,5,0.6154,0.6154,0.6154,0.7087,13,0.8983,False,True,False,-0.0053,0.0321,-0.0053
18384,"/Users/orram/Tensorleap/data/warehouse/dataset/subset-3/2019-12-17_9/Kinect/color/3248676,1259.jpg",1920,1080,28,0,0,28,15,20,13,0.4286,0.5357,0.4762,0.6878,35,0.8206,15,20,13,0.4286,0.5357,0.4762,0.692,35,0.8679,15,16,13,0.4839,0.5357,0.5085,0.6959,31,0.8998,True,True,True,0.0323,0.0323,0.0323
18385,"/Users/orram/Tensorleap/data/warehouse/dataset/subset-3/2019-12-17_9/Kinect/color/3272943,0407.jpg",1920,1080,28,0,0,28,14,13,14,0.5185,0.5,0.5091,0.7309,27,0.8901,15,10,13,0.6,0.5357,0.566,0.7211,25,0.9019,14,11,14,0.56,0.5,0.5283,0.7002,25,0.8648,True,False,False,0.0192,-0.0377,-0.0377
18386,"/Users/orram/Tensorleap/data/warehouse/dataset/subset-3/2019-12-17_9/Kinect/color/3336075,0461.jpg",1920,1080,53,0,0,53,29,14,24,0.6744,0.5472,0.6042,0.6948,43,0.8548,24,23,29,0.5106,0.4528,0.48,0.7016,47,0.8644,29,23,24,0.5577,0.5472,0.5524,0.6806,52,0.8567,False,True,False,-0.0518,0.0724,-0.0518
18387,"/Users/orram/Tensorleap/data/warehouse/dataset/subset-3/2019-12-17_9/Kinect/color/3344874,9322.jpg",1920,1080,54,2,0,52,32,32,22,0.5,0.5926,0.5424,0.6962,64,0.8322,33,24,21,0.5789,0.6111,0.5946,0.6972,57,0.8209,37,23,17,0.6167,0.6852,0.6491,0.6916,60,0.8095,True,True,True,0.1067,0.0545,0.0545
18388,"/Users/orram/Tensorleap/data/warehouse/dataset/subset-3/2019-12-17_9/Kinect/color/3362674,7424.jpg",1920,1080,51,2,1,48,23,17,28,0.575,0.451,0.5055,0.695,40,0.8235,21,17,30,0.5526,0.4118,0.4719,0.6936,38,0.8519,19,16,32,0.5429,0.3725,0.4419,0.7134,35,0.8768,False,False,False,-0.0636,-0.03,-0.0636
18389,"/Users/orram/Tensorleap/data/warehouse/dataset/subset-3/2019-12-17_9/Kinect/color/3411108,1491.jpg",1920,1080,82,0,0,82,28,21,54,0.5714,0.3415,0.4275,0.6789,49,0.7899,29,26,53,0.5273,0.3537,0.4234,0.6664,55,0.7996,28,21,54,0.5714,0.3415,0.4275,0.6714,49,0.8251,False,True,False,0.0,0.0041,0.0
18390,"/Users/orram/Tensorleap/data/warehouse/dataset/subset-3/2019-12-17_9/Kinect/color/3415608,0988.jpg",1920,1080,23,0,1,22,14,31,9,0.3111,0.6087,0.4118,0.6798,45,0.7797,11,31,12,0.2619,0.4783,0.3385,0.7238,42,0.8073,13,28,10,0.3171,0.5652,0.4062,0.6814,41,0.8322,False,True,False,-0.0056,0.0677,-0.0056
18391,"/Users/orram/Tensorleap/data/warehouse/dataset/subset-3/2019-12-17_9/Kinect/color/3428542,0142.jpg",1920,1080,40,0,0,40,32,6,8,0.8421,0.8,0.8205,0.6936,38,0.8217,31,9,9,0.775,0.775,0.775,0.6994,40,0.8363,33,6,7,0.8462,0.825,0.8354,0.7006,39,0.8248,True,True,True,0.0149,0.0604,0.0149
18392,"/Users/orram/Tensorleap/data/warehouse/dataset/subset-3/2019-12-17_9/RealSense/color/0/1576592908354,82.jpg",1920,1080,41,0,0,41,26,29,15,0.4727,0.6341,0.5417,0.6696,55,0.8065,28,31,13,0.4746,0.6829,0.56,0.6739,59,0.8309,29,31,12,0.4833,0.7073,0.5743,0.6783,60,0.8138,True,True,True,0.0326,0.0143,0.0143
18393,"/Users/orram/Tensorleap/data/warehouse/dataset/subset-3/2019-12-17_9/RealSense/color/0/1576592912327,59.jpg",1920,1080,47,0,0,47,28,18,19,0.6087,0.5957,0.6022,0.7022,46,0.8309,27,15,20,0.6429,0.5745,0.6067,0.6988,42,0.835,29,11,18,0.725,0.617,0.6667,0.6917,40,0.8231,True,True,True,0.0645,0.06,0.06
18394,"/Users/orram/Tensorleap/data/warehouse/dataset/subset-3/2019-12-17_9/RealSense/color/0/1576592929056,4.jpg",1920,1080,14,0,0,14,10,24,4,0.2941,0.7143,0.4167,0.6642,34,0.8032,11,24,3,0.3143,0.7857,0.449,0.68,35,0.8587,8,20,6,0.2857,0.5714,0.381,0.6854,28,0.8307,False,False,False,-0.0357,-0.068,-0.068
18395,"/Users/orram/Tensorleap/data/warehouse/dataset/subset-3/2019-12-17_9/RealSense/color/0/1576592954057,88.jpg",1920,1080,22,3,1,18,13,23,9,0.3611,0.5909,0.4483,0.6685,36,0.7691,17,8,5,0.68,0.7727,0.7234,0.6575,25,0.81,13,17,9,0.4333,0.5909,0.5,0.6478,30,0.7944,True,False,False,0.0517,-0.2234,-0.2234
18396,"/Users/orram/Tensorleap/data/warehouse/dataset/subset-3/2019-12-17_9/RealSense/color/0/1576592954721,05.jpg",1920,1080,22,3,1,18,12,15,10,0.4444,0.5455,0.4898,0.6571,27,0.7725,10,11,12,0.4762,0.4545,0.4651,0.6604,21,0.8024,13,12,9,0.52,0.5909,0.5532,0.6444,25,0.7959,True,True,True,0.0634,0.0881,0.0634
18397,"/Users/orram/Tensorleap/data/warehouse/dataset/subset-3/2019-12-17_9/RealSense/color/0/1576592997605,76.jpg",1920,1080,7,0,2,5,6,6,1,0.5,0.8571,0.6316,0.814,12,0.8115,4,7,3,0.3636,0.5714,0.4444,0.8235,11,0.8311,4,7,3,0.3636,0.5714,0.4444,0.7756,11,0.8901,False,False,False,-0.1872,0.0,-0.1872
18398,"/Users/orram/Tensorleap/data/warehouse/dataset/subset-3/2019-12-17_9/RealSense/color/0/1576593022112,66.jpg",1920,1080,16,0,2,14,11,13,5,0.4583,0.6875,0.55,0.7241,24,0.8164,4,16,12,0.2,0.25,0.2222,0.7689,20,0.8463,6,15,10,0.2857,0.375,0.3243,0.7344,21,0.9058,False,True,False,-0.2257,0.1021,-0.2257
18399,"/Users/orram/Tensorleap/data/warehouse/dataset/subset-3/2019-12-17_9/RealSense/color/0/1576593035855,17.jpg",1920,1080,75,0,0,75,32,21,43,0.6038,0.4267,0.5,0.686,53,0.8289,37,14,38,0.7255,0.4933,0.5873,0.6908,51,0.8562,40,21,35,0.6557,0.5333,0.5882,0.6879,61,0.833,True,True,True,0.0882,0.0009,0.0009
18400,"/Users/orram/Tensorleap/data/warehouse/dataset/subset-3/2019-12-17_9/RealSense/color/0/1576593038835,89.jpg",1920,1080,84,0,0,84,43,15,41,0.7414,0.5119,0.6056,0.7418,58,0.8411,45,10,39,0.8182,0.5357,0.6475,0.7158,55,0.8555,45,15,39,0.75,0.5357,0.625,0.7322,60,0.8359,True,False,False,0.0194,-0.0225,-0.0225
18401,"/Users/orram/Tensorleap/data/warehouse/dataset/subset-3/2019-12-17_9/RealSense/color/0/1576593063341,79.jpg",1920,1080,73,0,0,73,31,17,42,0.6458,0.4247,0.5124,0.7211,48,0.8423,32,15,41,0.6809,0.4384,0.5333,0.7166,47,0.8631,31,20,42,0.6078,0.4247,0.5,0.7148,51,0.8523,False,False,False,-0.0124,-0.0333,-0.0333
18402,"/Users/orram/Tensorleap/data/warehouse/dataset/subset-3/2019-12-17_9/RealSense/color/0/1576593064335,22.jpg",1920,1080,52,0,0,52,28,14,24,0.6667,0.5385,0.5957,0.6976,42,0.7928,30,10,22,0.75,0.5769,0.6522,0.6998,40,0.8285,27,15,25,0.6429,0.5192,0.5745,0.7148,42,0.7691,False,False,False,-0.0212,-0.0777,-0.0777
18403,"/Users/orram/Tensorleap/data/warehouse/dataset/subset-3/2019-12-17_9/RealSense/color/0/1576593072283,13.jpg",1920,1080,61,0,0,61,33,24,28,0.5789,0.541,0.5593,0.6887,57,0.8674,36,22,25,0.6207,0.5902,0.605,0.6869,58,0.8921,33,20,28,0.6226,0.541,0.5789,0.6924,53,0.8571,True,False,False,0.0196,-0.0261,-0.0261
18404,"/Users/orram/Tensorleap/data/warehouse/dataset/subset-3/2019-12-17_9/RealSense/color/0/1576593073276,47.jpg",1920,1080,63,0,0,63,35,33,28,0.5147,0.5556,0.5344,0.6681,68,0.8099,34,29,29,0.5397,0.5397,0.5397,0.6656,63,0.8317,36,31,27,0.5373,0.5714,0.5538,0.6427,67,0.8309,True,True,True,0.0194,0.0141,0.0141
18405,"/Users/orram/Tensorleap/data/warehouse/dataset/subset-3/2019-12-17_9/RealSense/color/0/1576593119141,75.jpg",1920,1080,1,0,0,1,0,2,1,0.0,0.0,0.0,0.0,2,0.4852,0,1,1,0.0,0.0,0.0,0.0,1,0.6231,0,1,1,0.0,0.0,0.0,0.0,1,0.7519,False,False,False,0.0,0.0,0.0
18406,"/Users/orram/Tensorleap/data/warehouse/dataset/subset-3/2019-12-17_9/RealSense/color/0/1576593124110,08.jpg",1920,1080,47,0,0,47,28,19,19,0.5957,0.5957,0.5957,0.6917,47,0.8485,29,13,18,0.6905,0.617,0.6517,0.6817,42,0.8653,31,10,16,0.7561,0.6596,0.7045,0.6726,41,0.8506,True,True,True,0.1088,0.0528,0.0528
18407,"/Users/orram/Tensorleap/data/warehouse/dataset/subset-3/2019-12-17_9/RealSense/color/0/1576593138018,65.jpg",1920,1080,55,0,0,55,28,27,27,0.5091,0.5091,0.5091,0.6644,55,0.7724,22,26,33,0.4583,0.4,0.4272,0.685,48,0.8329,25,33,30,0.431,0.4545,0.4425,0.687,58,0.8127,False,True,False,-0.0666,0.0153,-0.0666
18408,"/Users/orram/Tensorleap/data/warehouse/dataset/subset-3/2019-12-17_9/RealSense/color/0/1576593157385,55.jpg",1920,1080,72,0,0,72,31,16,41,0.6596,0.4306,0.521,0.6942,47,0.7674,32,12,40,0.7273,0.4444,0.5517,0.6778,44,0.8042,33,17,39,0.66,0.4583,0.541,0.6981,50,0.7634,True,False,False,0.02,-0.0107,-0.0107
18409,"/Users/orram/Tensorleap/data/warehouse/dataset/subset-3/2019-12-17_9/RealSense/color/0/1576593168319,51.jpg",1920,1080,56,0,0,56,33,17,23,0.66,0.5893,0.6226,0.6799,50,0.8182,30,13,26,0.6977,0.5357,0.6061,0.6891,43,0.874,34,19,22,0.6415,0.6071,0.6239,0.6695,53,0.85,True,True,True,0.0013,0.0178,0.0013
18410,"/Users/orram/Tensorleap/data/warehouse/dataset/subset-3/2019-12-17_9/RealSense/color/0/1576593177261,33.jpg",1920,1080,44,0,0,44,27,10,17,0.7297,0.6136,0.6667,0.6939,37,0.7483,27,8,17,0.7714,0.6136,0.6835,0.6903,35,0.8179,26,7,18,0.7879,0.5909,0.6753,0.6554,33,0.7763,True,False,False,0.0086,-0.0082,-0.0082
18411,"/Users/orram/Tensorleap/data/warehouse/dataset/subset-3/2019-12-17_9/RealSense/color/0/1576593179247,87.jpg",1920,1080,36,0,0,36,20,22,16,0.4762,0.5556,0.5128,0.653,42,0.7905,19,23,17,0.4524,0.5278,0.4872,0.668,42,0.8387,21,17,15,0.5526,0.5833,0.5676,0.6661,38,0.8047,True,True,True,0.0548,0.0804,0.0548
18412,"/Users/orram/Tensorleap/data/warehouse/dataset/subset-3/2019-12-17_9/RealSense/color/0/1576593185871,63.jpg",1920,1080,47,28,0,19,14,28,33,0.3333,0.2979,0.3146,0.6863,42,0.8316,14,19,33,0.4242,0.2979,0.35,0.6907,33,0.858,14,19,33,0.4242,0.2979,0.35,0.7119,33,0.8552,True,False,False,0.0354,0.0,0.0
18413,"/Users/orram/Tensorleap/data/warehouse/dataset/subset-3/2019-12-17_9/RealSense/color/0/1576593186534,3.jpg",1920,1080,36,0,0,36,8,7,28,0.5333,0.2222,0.3137,0.6826,15,0.7955,15,5,21,0.75,0.4167,0.5357,0.682,20,0.8265,10,4,26,0.7143,0.2778,0.4,0.67,14,0.8586,True,False,False,0.0863,-0.1357,-0.1357
18414,"/Users/orram/Tensorleap/data/warehouse/dataset/subset-3/2019-12-17_9/RealSense/color/0/1576593189183,59.jpg",1920,1080,52,2,0,50,23,15,29,0.6053,0.4423,0.5111,0.7043,38,0.8362,28,11,24,0.7179,0.5385,0.6154,0.711,39,0.8715,25,16,27,0.6098,0.4808,0.5376,0.7171,41,0.8644,True,False,False,0.0265,-0.0778,-0.0778
18415,"/Users/orram/Tensorleap/data/warehouse/dataset/subset-3/2019-12-17_9/RealSense/color/0/1576593205739,62.jpg",1920,1080,3,0,1,2,2,3,1,0.4,0.6667,0.5,0.8334,5,0.7781,2,1,1,0.6667,0.6667,0.6667,0.8624,3,0.8576,2,1,1,0.6667,0.6667,0.6667,0.7238,3,0.779,True,False,False,0.1667,0.0,0.0
18416,"/Users/orram/Tensorleap/data/warehouse/dataset/subset-3/2019-12-17_9/RealSense/color/0/1576593206734,66.jpg",1920,1080,1,0,1,0,0,3,1,0.0,0.0,0.0,0.0,3,0.6593,1,0,0,1.0,1.0,1.0,0.8475,1,0.6503,1,2,0,0.3333,1.0,0.5,0.8363,3,0.612,True,False,False,0.5,-0.5,-0.5
18417,"/Users/orram/Tensorleap/data/warehouse/dataset/subset-3/2019-12-17_9/RealSense/color/0/1576593214020,53.jpg",1920,1080,11,0,1,10,7,7,4,0.5,0.6364,0.56,0.677,14,0.824,8,8,3,0.5,0.7273,0.5926,0.6769,16,0.8918,6,7,5,0.4615,0.5455,0.5,0.6272,13,0.8831,False,False,False,-0.06,-0.0926,-0.0926
18418,"/Users/orram/Tensorleap/data/warehouse/dataset/subset-3/2019-12-17_9/RealSense/color/0/1576593237532,91.jpg",1920,1080,57,0,0,57,29,19,28,0.6042,0.5088,0.5524,0.6909,48,0.7902,31,15,26,0.6739,0.5439,0.6019,0.6957,46,0.82,30,12,27,0.7143,0.5263,0.6061,0.7267,42,0.8172,True,True,True,0.0537,0.0042,0.0042
18419,"/Users/orram/Tensorleap/data/warehouse/dataset/subset-3/2019-12-17_9/RealSense/color/0/1576593238857,54.jpg",1920,1080,81,0,0,81,32,33,49,0.4923,0.3951,0.4384,0.691,65,0.8123,39,31,42,0.5571,0.4815,0.5166,0.6984,70,0.863,41,27,40,0.6029,0.5062,0.5503,0.6926,68,0.8486,True,True,True,0.1119,0.0337,0.0337
18420,"/Users/orram/Tensorleap/data/warehouse/dataset/subset-3/2019-12-17_9/RealSense/color/0/1576593261871,95.jpg",1920,1080,38,0,0,38,23,15,15,0.6053,0.6053,0.6053,0.712,38,0.7855,22,13,16,0.6286,0.5789,0.6027,0.6872,35,0.8396,23,15,15,0.6053,0.6053,0.6053,0.7102,38,0.8125,False,True,False,0.0,0.0026,0.0
18421,"/Users/orram/Tensorleap/data/warehouse/dataset/subset-3/2019-12-17_9/RealSense/color/0/1576593263031,21.jpg",1920,1080,54,0,0,54,31,13,23,0.7045,0.5741,0.6327,0.6946,44,0.8027,30,13,24,0.6977,0.5556,0.6186,0.6959,43,0.8507,32,14,22,0.6957,0.5926,0.64,0.7076,46,0.8307,True,True,True,0.0073,0.0214,0.0073
18422,"/Users/orram/Tensorleap/data/warehouse/dataset/subset-3/2019-12-17_9/RealSense/color/0/1576593267337,29.jpg",1920,1080,38,0,0,38,23,20,15,0.5349,0.6053,0.5679,0.7139,43,0.7967,22,17,16,0.5641,0.5789,0.5714,0.6924,39,0.839,23,15,15,0.6053,0.6053,0.6053,0.7013,38,0.8005,True,True,True,0.0374,0.0339,0.0339
18423,"/Users/orram/Tensorleap/data/warehouse/dataset/subset-3/2019-12-17_9/RealSense/color/0/1576593314721,61.jpg",1920,1080,19,0,0,19,15,4,4,0.7895,0.7895,0.7895,0.7442,19,0.7878,14,6,5,0.7,0.7368,0.7179,0.7211,20,0.8183,12,5,7,0.7059,0.6316,0.6667,0.724,17,0.7856,False,False,False,-0.1228,-0.0512,-0.1228
18424,"/Users/orram/Tensorleap/data/warehouse/dataset/subset-3/2019-12-17_9/RealSense/color/0/1576593315729,36.jpg",1920,1080,47,0,0,47,29,14,18,0.6744,0.617,0.6444,0.6907,43,0.8144,28,12,19,0.7,0.5957,0.6437,0.7002,40,0.8459,29,14,18,0.6744,0.617,0.6444,0.6998,43,0.8136,False,True,False,0.0,0.0007,0.0
18425,"/Users/orram/Tensorleap/data/warehouse/dataset/subset-3/2019-12-17_9/RealSense/color/0/1576593316736,23.jpg",1920,1080,31,0,0,31,16,12,15,0.5714,0.5161,0.5424,0.7134,28,0.8353,19,10,12,0.6552,0.6129,0.6333,0.6978,29,0.8608,16,7,15,0.6957,0.5161,0.5926,0.7095,23,0.8462,True,False,False,0.0502,-0.0407,-0.0407
18426,"/Users/orram/Tensorleap/data/warehouse/dataset/subset-3/2019-12-17_9/RealSense/color/0/1576593322782,68.jpg",1920,1080,42,0,0,42,30,17,12,0.6383,0.7143,0.6742,0.6721,47,0.8535,31,12,11,0.7209,0.7381,0.7294,0.67,43,0.8672,29,13,13,0.6905,0.6905,0.6905,0.7127,42,0.8537,True,False,False,0.0163,-0.0389,-0.0389
18427,"/Users/orram/Tensorleap/data/warehouse/dataset/subset-3/2019-12-17_9/RealSense/color/0/1576593328495,38.jpg",1920,1080,38,0,0,38,21,14,17,0.6,0.5526,0.5753,0.7036,35,0.8012,18,18,20,0.5,0.4737,0.4865,0.6973,36,0.8376,20,21,18,0.4878,0.5263,0.5063,0.6988,41,0.8259,False,True,False,-0.069,0.0198,-0.069
18428,"/Users/orram/Tensorleap/data/warehouse/dataset/subset-3/2019-12-17_9/RealSense/color/0/1576593329165,34.jpg",1920,1080,58,0,0,58,33,14,25,0.7021,0.569,0.6286,0.6663,47,0.8203,31,22,27,0.5849,0.5345,0.5586,0.6677,53,0.8599,33,18,25,0.6471,0.569,0.6055,0.6825,51,0.837,False,True,False,-0.0231,0.0469,-0.0231
18429,"/Users/orram/Tensorleap/data/warehouse/dataset/subset-3/2019-12-17_9/RealSense/color/0/1576593333532,39.jpg",1920,1080,82,0,0,82,38,20,44,0.6552,0.4634,0.5429,0.6818,58,0.8025,39,21,43,0.65,0.4756,0.5493,0.6766,60,0.8422,41,22,41,0.6508,0.5,0.5655,0.6689,63,0.8078,True,True,True,0.0226,0.0162,0.0162
18430,"/Users/orram/Tensorleap/data/warehouse/dataset/subset-3/2019-12-17_9/RealSense/color/0/1576593340588,5.jpg",1920,1080,61,0,0,61,33,14,28,0.7021,0.541,0.6111,0.707,47,0.8429,38,10,23,0.7917,0.623,0.6972,0.6982,48,0.8648,30,18,31,0.625,0.4918,0.5505,0.7236,48,0.8366,False,False,False,-0.0606,-0.1467,-0.1467
18431,"/Users/orram/Tensorleap/data/warehouse/dataset/subset-3/2019-12-17_9/RealSense/color/0/1576593356711,36.jpg",1920,1080,45,0,1,44,30,14,15,0.6818,0.6667,0.6742,0.713,44,0.8306,31,12,14,0.7209,0.6889,0.7045,0.6948,43,0.8684,31,12,14,0.7209,0.6889,0.7045,0.6995,43,0.8486,True,False,False,0.0303,0.0,0.0
18432,"/Users/orram/Tensorleap/data/warehouse/dataset/subset-3/2019-12-17_9/RealSense/color/0/1576593377202,6.jpg",1920,1080,16,0,3,13,13,2,3,0.8667,0.8125,0.8387,0.7976,15,0.8435,13,3,3,0.8125,0.8125,0.8125,0.7919,16,0.8522,12,2,4,0.8571,0.75,0.8,0.7832,14,0.8531,False,False,False,-0.0387,-0.0125,-0.0387
18433,"/Users/orram/Tensorleap/data/warehouse/dataset/subset-3/2019-12-17_9/RealSense/color/0/1576593392824,33.jpg",1920,1080,7,0,1,6,4,2,3,0.6667,0.5714,0.6154,0.7667,6,0.7908,5,1,2,0.8333,0.7143,0.7692,0.7474,6,0.8241,4,2,3,0.6667,0.5714,0.6154,0.7797,6,0.7991,False,False,False,0.0,-0.1538,-0.1538
18434,"/Users/orram/Tensorleap/data/warehouse/dataset/subset-3/2019-12-17_9/RealSense/color/0/1576593394831,85.jpg",1920,1080,7,0,1,6,5,2,2,0.7143,0.7143,0.7143,0.6619,7,0.7923,6,1,1,0.8571,0.8571,0.8571,0.6812,7,0.8036,4,3,3,0.5714,0.5714,0.5714,0.7114,7,0.7885,False,False,False,-0.1429,-0.2857,-0.2857
18435,"/Users/orram/Tensorleap/data/warehouse/dataset/subset-3/2019-12-17_9/RealSense/color/0/1576593439041,23.jpg",1920,1080,25,0,0,25,10,18,15,0.3571,0.4,0.3774,0.715,28,0.69,12,17,13,0.4138,0.48,0.4444,0.66,29,0.8285,11,13,14,0.4583,0.44,0.449,0.723,24,0.8045,True,True,True,0.0716,0.0046,0.0046
18436,"/Users/orram/Tensorleap/data/warehouse/dataset/subset-3/2019-12-17_9/RealSense/color/0/1576593441055,39.jpg",1920,1080,26,0,0,26,11,13,15,0.4583,0.4231,0.44,0.6357,24,0.7878,9,20,17,0.3103,0.3462,0.3273,0.6628,29,0.7547,12,15,14,0.4444,0.4615,0.4528,0.6379,27,0.8372,True,True,True,0.0128,0.1255,0.0128
18437,"/Users/orram/Tensorleap/data/warehouse/dataset/subset-3/2019-12-17_9/RealSense/color/0/1576593452477,61.jpg",1920,1080,29,0,0,29,10,14,19,0.4167,0.3448,0.3774,0.7352,24,0.7259,13,17,16,0.4333,0.4483,0.4407,0.7276,30,0.6691,14,13,15,0.5185,0.4828,0.5,0.7299,27,0.7226,True,True,True,0.1226,0.0593,0.0593
18438,"/Users/orram/Tensorleap/data/warehouse/dataset/subset-3/2019-12-17_9/RealSense/color/0/1576593454324,68.jpg",1920,1080,37,0,0,37,15,11,22,0.5769,0.4054,0.4762,0.6755,26,0.8688,15,16,22,0.4839,0.4054,0.4412,0.7082,31,0.8827,15,9,22,0.625,0.4054,0.4918,0.6683,24,0.8678,True,True,True,0.0156,0.0506,0.0156
18439,"/Users/orram/Tensorleap/data/warehouse/dataset/subset-3/2019-12-17_9/RealSense/color/0/1576593459195,98.jpg",1920,1080,20,0,0,20,8,10,12,0.4444,0.4,0.4211,0.7253,18,0.8243,8,12,12,0.4,0.4,0.4,0.704,20,0.8339,10,9,10,0.5263,0.5,0.5128,0.6917,19,0.8329,True,True,True,0.0917,0.1128,0.0917
18440,"/Users/orram/Tensorleap/data/warehouse/dataset/subset-3/2019-12-17_9/RealSense/color/0/1576593460203,83.jpg",1920,1080,30,0,0,30,16,3,14,0.8421,0.5333,0.6531,0.6546,19,0.8338,18,6,12,0.75,0.6,0.6667,0.6713,24,0.8496,15,8,15,0.6522,0.5,0.566,0.6742,23,0.8105,False,False,False,-0.0871,-0.1007,-0.1007
18441,"/Users/orram/Tensorleap/data/warehouse/dataset/subset-3/2019-12-17_9/RealSense/color/0/1576593470281,4.jpg",1920,1080,33,0,0,33,21,11,12,0.6562,0.6364,0.6462,0.6769,32,0.8461,20,11,13,0.6452,0.6061,0.625,0.6645,31,0.8598,19,12,14,0.6129,0.5758,0.5938,0.6834,31,0.8353,False,False,False,-0.0524,-0.0312,-0.0524
18442,"/Users/orram/Tensorleap/data/warehouse/dataset/subset-3/2019-12-17_9/RealSense/color/0/1576593479016,03.jpg",1920,1080,17,0,0,17,8,12,9,0.4,0.4706,0.4324,0.7456,20,0.855,10,10,7,0.5,0.5882,0.5405,0.7211,20,0.8648,12,9,5,0.5714,0.7059,0.6316,0.6817,21,0.8597,True,True,True,0.1992,0.0911,0.0911
18443,"/Users/orram/Tensorleap/data/warehouse/dataset/subset-3/2019-12-17_9/RealSense/color/0/1576593482038,73.jpg",1920,1080,14,0,0,14,8,7,6,0.5333,0.5714,0.5517,0.7243,15,0.7852,9,7,5,0.5625,0.6429,0.6,0.7188,16,0.8392,6,7,8,0.4615,0.4286,0.4444,0.7373,13,0.8482,False,False,False,-0.1073,-0.1556,-0.1556
18444,"/Users/orram/Tensorleap/data/warehouse/dataset/subset-3/2019-12-17_9/RealSense/color/0/1576593484054,15.jpg",1920,1080,11,0,0,11,5,12,6,0.2941,0.4545,0.3571,0.8082,17,0.7407,7,4,4,0.6364,0.6364,0.6364,0.7647,11,0.8191,4,6,7,0.4,0.3636,0.381,0.6115,10,0.8106,True,False,False,0.0239,-0.2554,-0.2554
18445,"/Users/orram/Tensorleap/data/warehouse/dataset/subset-3/2019-12-17_9/RealSense/color/0/1576593485062,54.jpg",1920,1080,9,0,0,9,1,10,8,0.0909,0.1111,0.1,0.6887,11,0.7756,1,8,8,0.1111,0.1111,0.1111,0.7476,9,0.8451,1,9,8,0.1,0.1111,0.1053,0.6892,10,0.8322,True,False,False,0.0053,-0.0058,-0.0058
18446,"/Users/orram/Tensorleap/data/warehouse/dataset/subset-3/2019-12-17_9/RealSense/color/0/1576593509417,34.jpg",1920,1080,1,0,0,1,0,0,1,0.0,0.0,0.0,0.0,0,0.0,0,0,1,0.0,0.0,0.0,0.0,0,0.0,1,0,0,1.0,1.0,1.0,0.7716,1,0.7315,True,True,True,1.0,1.0,1.0
18447,"/Users/orram/Tensorleap/data/warehouse/dataset/subset-3/2019-12-17_9/RealSense/color/0/1576593517983,62.jpg",1920,1080,31,0,0,31,10,10,21,0.5,0.3226,0.3922,0.6519,20,0.8138,14,11,17,0.56,0.4516,0.5,0.68,25,0.8475,15,7,16,0.6818,0.4839,0.566,0.6838,22,0.8069,True,True,True,0.1738,0.066,0.066
18448,"/Users/orram/Tensorleap/data/warehouse/dataset/subset-3/2019-12-17_9/RealSense/color/0/1576593541162,39.jpg",1920,1080,37,0,0,37,18,12,19,0.6,0.4865,0.5373,0.7173,30,0.7691,19,15,18,0.5588,0.5135,0.5352,0.6858,34,0.7942,16,16,21,0.5,0.4324,0.4638,0.7077,32,0.7356,False,False,False,-0.0735,-0.0714,-0.0735
18449,"/Users/orram/Tensorleap/data/warehouse/dataset/subset-3/2019-12-17_9/RealSense/color/0/1576593569715,31.jpg",1920,1080,18,0,0,18,15,3,3,0.8333,0.8333,0.8333,0.7637,18,0.8257,13,2,5,0.8667,0.7222,0.7879,0.7598,15,0.8558,13,3,5,0.8125,0.7222,0.7647,0.7236,16,0.8292,False,False,False,-0.0686,-0.0232,-0.0686
18450,"/Users/orram/Tensorleap/data/warehouse/dataset/subset-3/2019-12-17_9/RealSense/color/0/1576593571730,72.jpg",1920,1080,16,0,0,16,13,2,3,0.8667,0.8125,0.8387,0.7442,15,0.7971,11,3,5,0.7857,0.6875,0.7333,0.7412,14,0.841,11,2,5,0.8462,0.6875,0.7586,0.7588,13,0.8071,False,True,False,-0.0801,0.0253,-0.0801
18451,"/Users/orram/Tensorleap/data/warehouse/dataset/subset-3/2019-12-17_9/RealSense/color/0/1576593599948,46.jpg",1920,1080,13,0,0,13,10,3,3,0.7692,0.7692,0.7692,0.6986,13,0.7131,11,1,2,0.9167,0.8462,0.88,0.6861,12,0.8197,11,1,2,0.9167,0.8462,0.88,0.6629,12,0.817,True,False,False,0.1108,0.0,0.0
18452,"/Users/orram/Tensorleap/data/warehouse/dataset/subset-3/2019-12-17_9/RealSense/color/0/1576593611706,42.jpg",1920,1080,8,2,0,6,2,8,6,0.2,0.25,0.2222,0.6497,10,0.7098,3,6,5,0.3333,0.375,0.3529,0.8009,9,0.7395,3,5,5,0.375,0.375,0.375,0.5996,8,0.8095,True,True,True,0.1528,0.0221,0.0221
18453,"/Users/orram/Tensorleap/data/warehouse/dataset/subset-3/2019-12-17_9/RealSense/color/0/1576593621951,29.jpg",1920,1080,32,0,0,32,14,22,18,0.3889,0.4375,0.4118,0.6726,36,0.7618,12,19,20,0.3871,0.375,0.381,0.6961,31,0.7986,15,24,17,0.3846,0.4688,0.4225,0.6711,39,0.7363,True,True,True,0.0107,0.0415,0.0107
18454,"/Users/orram/Tensorleap/data/warehouse/dataset/subset-3/2019-12-17_9/RealSense/color/0/1576593624304,87.jpg",1920,1080,36,0,0,36,10,20,26,0.3333,0.2778,0.303,0.6884,30,0.6567,10,20,26,0.3333,0.2778,0.303,0.6783,30,0.7738,12,20,24,0.375,0.3333,0.3529,0.6374,32,0.6339,True,True,True,0.0499,0.0499,0.0499
18455,"/Users/orram/Tensorleap/data/warehouse/dataset/subset-3/2019-12-17_9/RealSense/color/0/1576593627494,11.jpg",1920,1080,26,0,0,26,7,14,19,0.3333,0.2692,0.2979,0.6302,21,0.7289,8,16,18,0.3333,0.3077,0.32,0.7066,24,0.7699,12,11,14,0.5217,0.4615,0.4898,0.6469,23,0.7734,True,True,True,0.1919,0.1698,0.1698
18456,"/Users/orram/Tensorleap/data/warehouse/dataset/subset-3/2019-12-17_9/RealSense/color/0/1576593628334,95.jpg",1920,1080,19,0,0,19,3,4,16,0.4286,0.1579,0.2308,0.758,7,0.5686,5,6,14,0.4545,0.2632,0.3333,0.6388,11,0.7268,5,5,14,0.5,0.2632,0.3448,0.7277,10,0.6708,True,True,True,0.114,0.0115,0.0115
18457,"/Users/orram/Tensorleap/data/warehouse/dataset/subset-3/2019-12-17_9/RealSense/color/0/1576593632365,31.jpg",1920,1080,34,0,0,34,9,18,25,0.3333,0.2647,0.2951,0.6385,27,0.7283,14,14,20,0.5,0.4118,0.4516,0.6822,28,0.8047,10,15,24,0.4,0.2941,0.339,0.6961,25,0.7828,True,False,False,0.0439,-0.1126,-0.1126
18458,"/Users/orram/Tensorleap/data/warehouse/dataset/subset-3/2019-12-17_9/RealSense/color/0/1576593633373,09.jpg",1920,1080,27,0,0,27,7,15,20,0.3182,0.2593,0.2857,0.657,22,0.7121,7,15,20,0.3182,0.2593,0.2857,0.6557,22,0.7495,12,16,15,0.4286,0.4444,0.4364,0.6185,28,0.7552,True,True,True,0.1507,0.1507,0.1507
18459,"/Users/orram/Tensorleap/data/warehouse/dataset/subset-3/2019-12-17_9/RealSense/color/0/1576593642612,1.jpg",1920,1080,25,0,0,25,7,19,18,0.2692,0.28,0.2745,0.7515,26,0.7139,4,20,21,0.1667,0.16,0.1633,0.7292,24,0.7932,3,15,22,0.1667,0.12,0.1395,0.7357,18,0.7614,False,False,False,-0.135,-0.0238,-0.135
18460,"/Users/orram/Tensorleap/data/warehouse/dataset/subset-3/2019-12-17_9/RealSense/color/0/1576593686618,02.jpg",1920,1080,32,1,0,31,6,26,26,0.1875,0.1875,0.1875,0.6596,32,0.8327,8,22,24,0.2667,0.25,0.2581,0.6492,30,0.8498,8,20,24,0.2857,0.25,0.2667,0.7318,28,0.8236,True,True,True,0.0792,0.0086,0.0086
18461,"/Users/orram/Tensorleap/data/warehouse/dataset/subset-3/2019-12-17_9/RealSense/color/0/1576593687792,97.jpg",1920,1080,13,1,0,12,5,10,8,0.3333,0.3846,0.3571,0.6189,15,0.7024,6,10,7,0.375,0.4615,0.4138,0.7045,16,0.6964,5,7,8,0.4167,0.3846,0.4,0.6657,12,0.8131,True,False,False,0.0429,-0.0138,-0.0138
18462,"/Users/orram/Tensorleap/data/warehouse/dataset/subset-3/2019-12-17_9/RealSense/color/0/1576593697536,31.jpg",1920,1080,33,2,0,31,14,14,19,0.5,0.4242,0.459,0.7147,28,0.7567,11,15,22,0.4231,0.3333,0.3729,0.6941,26,0.7729,12,14,21,0.4615,0.3636,0.4068,0.7142,26,0.7381,False,True,False,-0.0522,0.0339,-0.0522
18463,"/Users/orram/Tensorleap/data/warehouse/dataset/subset-3/2019-12-17_9/RealSense/color/0/1576593703581,85.jpg",1920,1080,24,3,0,21,8,12,16,0.4,0.3333,0.3636,0.6655,20,0.7024,7,13,17,0.35,0.2917,0.3182,0.7009,20,0.7374,7,10,17,0.4118,0.2917,0.3415,0.6601,17,0.7551,False,True,False,-0.0221,0.0233,-0.0221
18464,"/Users/orram/Tensorleap/data/warehouse/dataset/subset-3/2019-12-17_9/RealSense/color/0/1576593709124,81.jpg",1920,1080,26,3,0,23,11,15,15,0.4231,0.4231,0.4231,0.6953,26,0.7958,13,15,13,0.4643,0.5,0.4815,0.6632,28,0.8573,11,11,15,0.5,0.4231,0.4583,0.6712,22,0.8373,True,False,False,0.0352,-0.0232,-0.0232
18465,"/Users/orram/Tensorleap/data/warehouse/dataset/subset-3/2019-12-17_9/RealSense/color/0/1576593710299,86.jpg",1920,1080,28,4,0,24,13,13,15,0.5,0.4643,0.4815,0.6796,26,0.8215,10,14,18,0.4167,0.3571,0.3846,0.7108,24,0.7547,9,13,19,0.4091,0.3214,0.36,0.7066,22,0.734,False,False,False,-0.1215,-0.0246,-0.1215
18466,"/Users/orram/Tensorleap/data/warehouse/dataset/subset-3/2019-12-17_9/RealSense/color/0/1576593727600,21.jpg",1920,1080,6,0,0,6,5,2,1,0.7143,0.8333,0.7692,0.81,7,0.7661,6,0,0,1.0,1.0,1.0,0.7119,6,0.8245,4,4,2,0.5,0.6667,0.5714,0.734,8,0.8071,False,False,False,-0.1978,-0.4286,-0.4286
18467,"/Users/orram/Tensorleap/data/warehouse/dataset/subset-3/2019-12-17_9/RealSense/color/0/1576593738517,65.jpg",1920,1080,2,0,0,2,2,0,0,1.0,1.0,1.0,0.6493,2,0.6628,1,1,1,0.5,0.5,0.5,0.7905,2,0.6362,1,1,1,0.5,0.5,0.5,0.851,2,0.4312,False,False,False,-0.5,0.0,-0.5
18468,"/Users/orram/Tensorleap/data/warehouse/dataset/subset-3/2019-12-17_9/RealSense/color/0/1576593773957,86.jpg",1920,1080,46,0,0,46,21,19,25,0.525,0.4565,0.4884,0.6906,40,0.7108,21,18,25,0.5385,0.4565,0.4941,0.676,39,0.7256,22,22,24,0.5,0.4783,0.4889,0.6672,44,0.7502,True,False,False,0.0005,-0.0052,-0.0052
18469,"/Users/orram/Tensorleap/data/warehouse/dataset/subset-3/2019-12-17_9/RealSense/color/0/1576593774630,15.jpg",1920,1080,47,0,0,47,22,21,25,0.5116,0.4681,0.4889,0.6839,43,0.7205,24,19,23,0.5581,0.5106,0.5333,0.6476,43,0.7709,20,23,27,0.4651,0.4255,0.4444,0.6497,43,0.747,False,False,False,-0.0445,-0.0889,-0.0889
18470,"/Users/orram/Tensorleap/data/warehouse/dataset/subset-3/2019-12-17_9/RealSense/color/0/1576593799152,62.jpg",1920,1080,21,0,0,21,9,15,12,0.375,0.4286,0.4,0.7223,24,0.7889,12,8,9,0.6,0.5714,0.5854,0.6889,20,0.8038,11,13,10,0.4583,0.5238,0.4889,0.7158,24,0.8417,True,False,False,0.0889,-0.0965,-0.0965
18471,"/Users/orram/Tensorleap/data/warehouse/dataset/subset-3/2019-12-17_9/RealSense/color/0/1576593842822,13.jpg",1920,1080,2,0,0,2,2,0,0,1.0,1.0,1.0,0.8293,2,0.6119,0,2,2,0.0,0.0,0.0,0.0,2,0.767,2,1,0,0.6667,1.0,0.8,0.838,3,0.7894,False,True,False,-0.2,0.8,-0.2
18472,"/Users/orram/Tensorleap/data/warehouse/dataset/subset-3/2019-12-17_9/RealSense/color/0/1576593847861,73.jpg",1920,1080,17,0,0,17,9,7,8,0.5625,0.5294,0.5455,0.7396,16,0.8093,8,5,9,0.6154,0.4706,0.5333,0.7049,13,0.7468,7,1,10,0.875,0.4118,0.56,0.7343,8,0.7798,True,True,True,0.0145,0.0267,0.0145
18473,"/Users/orram/Tensorleap/data/warehouse/dataset/subset-3/2019-12-17_9/RealSense/color/0/1576593853908,88.jpg",1920,1080,23,0,0,23,12,11,11,0.5217,0.5217,0.5217,0.7015,23,0.7902,11,9,12,0.55,0.4783,0.5116,0.7022,20,0.8328,14,12,9,0.5385,0.6087,0.5714,0.6751,26,0.8376,True,True,True,0.0497,0.0598,0.0497
18474,"/Users/orram/Tensorleap/data/warehouse/dataset/subset-3/2019-12-17_9/RealSense/color/0/1576593863650,18.jpg",1920,1080,41,0,0,41,19,27,22,0.413,0.4634,0.4368,0.6944,46,0.8031,20,20,21,0.5,0.4878,0.4938,0.6995,40,0.8051,20,22,21,0.4762,0.4878,0.4819,0.6966,42,0.8421,True,False,False,0.0451,-0.0119,-0.0119
18475,"/Users/orram/Tensorleap/data/warehouse/dataset/subset-3/2019-12-17_9/RealSense/color/0/1576593866672,98.jpg",1920,1080,38,0,0,38,15,23,23,0.3947,0.3947,0.3947,0.6877,38,0.8341,15,15,23,0.5,0.3947,0.4412,0.6859,30,0.8764,17,18,21,0.4857,0.4474,0.4658,0.707,35,0.8421,True,True,True,0.0711,0.0246,0.0246
18476,"/Users/orram/Tensorleap/data/warehouse/dataset/subset-3/2019-12-17_9/RealSense/color/0/1576593873727,37.jpg",1920,1080,35,0,0,35,17,12,18,0.5862,0.4857,0.5312,0.6823,29,0.7888,20,11,15,0.6452,0.5714,0.6061,0.6857,31,0.8159,19,17,16,0.5278,0.5429,0.5352,0.6836,36,0.7925,True,False,False,0.004,-0.0709,-0.0709
18477,"/Users/orram/Tensorleap/data/warehouse/dataset/subset-3/2019-12-17_9/RealSense/color/0/1576593886156,45.jpg",1920,1080,21,0,0,21,11,12,10,0.4783,0.5238,0.5,0.6861,23,0.807,14,10,7,0.5833,0.6667,0.6222,0.7028,24,0.8535,12,15,9,0.4444,0.5714,0.5,0.7234,27,0.8262,False,False,False,0.0,-0.1222,-0.1222
18478,"/Users/orram/Tensorleap/data/warehouse/dataset/subset-3/2019-12-17_9/RealSense/color/0/1576593891195,23.jpg",1920,1080,17,0,0,17,13,3,4,0.8125,0.7647,0.7879,0.709,16,0.829,15,5,2,0.75,0.8824,0.8108,0.7095,20,0.827,13,9,4,0.5909,0.7647,0.6667,0.6652,22,0.8199,False,False,False,-0.1212,-0.1441,-0.1441
18479,"/Users/orram/Tensorleap/data/warehouse/dataset/subset-3/2019-12-17_9/RealSense/color/0/1576593892203,19.jpg",1920,1080,15,0,0,15,12,8,3,0.6,0.8,0.6857,0.7171,20,0.8136,12,6,3,0.6667,0.8,0.7273,0.7315,18,0.8201,11,11,4,0.5,0.7333,0.5946,0.738,22,0.8064,False,False,False,-0.0911,-0.1327,-0.1327
18480,"/Users/orram/Tensorleap/data/warehouse/dataset/subset-3/2019-12-17_9/RealSense/color/0/1576593901444,28.jpg",1920,1080,9,0,0,9,6,3,3,0.6667,0.6667,0.6667,0.7457,9,0.7661,7,3,2,0.7,0.7778,0.7368,0.7293,10,0.7798,7,1,2,0.875,0.7778,0.8235,0.6931,8,0.7805,True,True,True,0.1568,0.0867,0.0867
18481,"/Users/orram/Tensorleap/data/warehouse/dataset/subset-3/2019-12-17_9/RealSense/color/0/1576593909168,42.jpg",1920,1080,6,0,0,6,5,1,1,0.8333,0.8333,0.8333,0.7063,6,0.821,5,1,1,0.8333,0.8333,0.8333,0.709,6,0.837,5,1,1,0.8333,0.8333,0.8333,0.6921,6,0.8531,False,False,False,0.0,0.0,0.0
18482,"/Users/orram/Tensorleap/data/warehouse/dataset/subset-3/2019-12-17_9/RealSense/color/0/1576593917230,4.jpg",1920,1080,3,0,0,3,1,1,2,0.5,0.3333,0.4,0.875,2,0.8387,1,1,2,0.5,0.3333,0.4,0.9426,2,0.8712,1,1,2,0.5,0.3333,0.4,0.8451,2,0.8828,False,False,False,0.0,0.0,0.0
18483,"/Users/orram/Tensorleap/data/warehouse/dataset/subset-3/2019-12-17_9/RealSense/color/0/1576593919581,56.jpg",1920,1080,2,0,0,2,1,0,1,1.0,0.5,0.6667,0.8989,1,0.8369,1,0,1,1.0,0.5,0.6667,0.9184,1,0.8795,1,0,1,1.0,0.5,0.6667,0.9125,1,0.8808,False,False,False,0.0,0.0,0.0
18484,"/Users/orram/Tensorleap/data/warehouse/dataset/subset-3/2019-12-17_9/RealSense/color/0/1576593933857,83.jpg",1920,1080,2,0,0,2,2,0,0,1.0,1.0,1.0,0.7071,2,0.7263,2,0,0,1.0,1.0,1.0,0.6367,2,0.8058,2,0,0,1.0,1.0,1.0,0.5837,2,0.8593,False,False,False,0.0,0.0,0.0
18485,"/Users/orram/Tensorleap/data/warehouse/dataset/subset-3/2019-12-17_9/RealSense/color/0/1576593934865,57.jpg",1920,1080,3,0,0,3,1,1,2,0.5,0.3333,0.4,0.8179,2,0.6007,1,1,2,0.5,0.3333,0.4,0.7875,2,0.6388,1,1,2,0.5,0.3333,0.4,0.7107,2,0.7726,False,False,False,0.0,0.0,0.0
18486,"/Users/orram/Tensorleap/data/warehouse/dataset/subset-3/2019-12-17_9/RealSense/color/0/1576593939737,39.jpg",1920,1080,21,0,1,20,15,8,6,0.6522,0.7143,0.6818,0.6554,23,0.7292,12,22,9,0.3529,0.5714,0.4364,0.6623,34,0.7745,16,6,5,0.7273,0.7619,0.7442,0.6484,22,0.7524,True,True,True,0.0624,0.3078,0.0624
18487,"/Users/orram/Tensorleap/data/warehouse/dataset/subset-3/2019-12-17_9/RealSense/color/0/1576593943263,9.jpg",1920,1080,62,0,1,61,30,24,32,0.5556,0.4839,0.5172,0.6296,54,0.792,20,18,42,0.5263,0.3226,0.4,0.6417,38,0.8137,12,8,50,0.6,0.1935,0.2927,0.6734,20,0.7792,False,False,False,-0.2245,-0.1073,-0.2245
18488,"/Users/orram/Tensorleap/data/warehouse/dataset/subset-3/2019-12-17_9/RealSense/color/0/1576593943768,88.jpg",1920,1080,68,0,1,67,38,19,30,0.6667,0.5588,0.608,0.6497,57,0.7998,24,21,44,0.5333,0.3529,0.4248,0.6423,45,0.8168,19,11,49,0.6333,0.2794,0.3878,0.6575,30,0.7728,False,False,False,-0.2202,-0.037,-0.2202
18489,"/Users/orram/Tensorleap/data/warehouse/dataset/subset-3/2019-12-17_9/RealSense/color/0/1576593954517,4.jpg",1920,1080,81,0,1,80,46,35,35,0.5679,0.5679,0.5679,0.6369,81,0.6267,33,38,48,0.4648,0.4074,0.4342,0.5971,71,0.8416,29,37,52,0.4394,0.358,0.3946,0.6156,66,0.8706,False,False,False,-0.1733,-0.0396,-0.1733
18490,"/Users/orram/Tensorleap/data/warehouse/dataset/subset-3/2019-12-17_9/RealSense/color/0/1576593969801,87.jpg",1920,1080,97,2,1,94,68,40,29,0.6296,0.701,0.6634,0.6908,108,0.7321,67,25,30,0.7283,0.6907,0.709,0.6826,92,0.7508,65,24,32,0.7303,0.6701,0.6989,0.6719,89,0.723,True,False,False,0.0355,-0.0101,-0.0101
18491,"/Users/orram/Tensorleap/data/warehouse/dataset/subset-3/2019-12-17_9/RealSense/color/0/1576593979879,74.jpg",1920,1080,102,3,1,98,68,37,34,0.6476,0.6667,0.657,0.6861,105,0.7621,60,37,42,0.6186,0.5882,0.603,0.6896,97,0.7934,66,32,36,0.6735,0.6471,0.66,0.6794,98,0.7751,True,True,True,0.003,0.057,0.003
18506,"/Users/orram/Tensorleap/data/warehouse/dataset/subset-3/2019-12-17_9/RealSense/color/0/1576594163078,98.jpg",1920,1080,6,0,0,6,5,1,1,0.8333,0.8333,0.8333,0.6784,6,0.5588,6,0,0,1.0,1.0,1.0,0.7435,6,0.6339,4,2,2,0.6667,0.6667,0.6667,0.7027,6,0.6922,False,False,False,-0.1666,-0.3333,-0.3333
18538,"/Users/orram/Tensorleap/data/warehouse/dataset/subset-3/2019-12-17_9/RealSense/color/0/1576594641606,32.jpg",1920,1080,0,0,0,0,0,1,0,0.0,0.0,0.0,0.0,1,0.3466,0,2,0,0.0,0.0,0.0,0.0,2,0.3948,0,2,0,0.0,0.0,0.0,0.0,2,0.3746,False,False,False,0.0,0.0,0.0
18539,"/Users/orram/Tensorleap/data/warehouse/dataset/subset-3/2019-12-17_9/RealSense/color/0/1576594647567,51.jpg",1920,1080,0,0,0,0,0,0,0,0.0,0.0,0.0,0.0,0,0.0,0,0,0,0.0,0.0,0.0,0.0,0,0.0,0,0,0,0.0,0.0,0.0,0.0,0,0.0,False,False,False,0.0,0.0,0.0
18540,"/Users/orram/Tensorleap/data/warehouse/dataset/subset-3/2019-12-17_9/RealSense/color/0/1576594652534,16.jpg",1920,1080,12,0,0,12,0,0,12,0.0,0.0,0.0,0.0,0,0.0,0,5,12,0.0,0.0,0.0,0.0,5,0.638,0,3,12,0.0,0.0,0.0,0.0,3,0.4537,False,False,False,0.0,0.0,0.0
18541,"/Users/orram/Tensorleap/data/warehouse/dataset/subset-3/2019-12-17_9/RealSense/color/0/1576594673397,21.jpg",1920,1080,11,0,1,10,5,2,6,0.7143,0.4545,0.5556,0.6975,7,0.7775,5,2,6,0.7143,0.4545,0.5556,0.7207,7,0.8281,3,1,8,0.75,0.2727,0.4,0.809,4,0.8091,False,False,False,-0.1556,-0.1556,-0.1556
18542,"/Users/orram/Tensorleap/data/warehouse/dataset/subset-3/2019-12-17_9/RealSense/color/0/1576594674390,73.jpg",1920,1080,11,0,1,10,3,3,8,0.5,0.2727,0.3529,0.7584,6,0.7793,4,3,7,0.5714,0.3636,0.4444,0.8025,7,0.8326,3,3,8,0.5,0.2727,0.3529,0.7985,6,0.8281,False,False,False,0.0,-0.0915,-0.0915
18543,"/Users/orram/Tensorleap/data/warehouse/dataset/subset-3/2019-12-17_9/RealSense/color/0/1576594675384,66.jpg",1920,1080,4,0,1,3,4,2,0,0.6667,1.0,0.8,0.8143,6,0.7908,4,2,0,0.6667,1.0,0.8,0.8068,6,0.7907,4,3,0,0.5714,1.0,0.7273,0.7672,7,0.7651,False,False,False,-0.0727,-0.0727,-0.0727
18544,"/Users/orram/Tensorleap/data/warehouse/dataset/subset-3/2019-12-17_9/RealSense/color/0/1576594685980,34.jpg",1920,1080,56,0,1,55,8,20,48,0.2857,0.1429,0.1905,0.627,28,0.5605,6,24,50,0.2,0.1071,0.1395,0.6023,30,0.6367,6,19,50,0.24,0.1071,0.1481,0.5615,25,0.6389,False,True,False,-0.0424,0.0086,-0.0424
18545,"/Users/orram/Tensorleap/data/warehouse/dataset/subset-3/2019-12-17_9/RealSense/color/0/1576594714792,51.jpg",1920,1080,0,0,0,0,0,3,0,0.0,0.0,0.0,0.0,3,0.4895,0,4,0,0.0,0.0,0.0,0.0,4,0.6181,0,1,0,0.0,0.0,0.0,0.0,1,0.6404,False,False,False,0.0,0.0,0.0
18548,"/Users/orram/Tensorleap/data/warehouse/dataset/subset-3/2019-12-17_9/RealSense/color/0/1576594795594,87.jpg",1920,1080,58,6,0,52,17,25,41,0.4048,0.2931,0.34,0.6518,42,0.7602,17,22,41,0.4359,0.2931,0.3505,0.6579,39,0.7818,24,19,34,0.5581,0.4138,0.4752,0.632,43,0.7336,True,True,True,0.1352,0.1247,0.1247
18549,"/Users/orram/Tensorleap/data/warehouse/dataset/subset-3/2019-12-17_9/RealSense/color/0/1576594806524,61.jpg",1920,1080,19,0,0,19,14,3,5,0.8235,0.7368,0.7778,0.7295,17,0.7686,14,3,5,0.8235,0.7368,0.7778,0.7015,17,0.7482,13,5,6,0.7222,0.6842,0.7027,0.7131,18,0.7762,False,False,False,-0.0751,-0.0751,-0.0751
18550,"/Users/orram/Tensorleap/data/warehouse/dataset/subset-3/2019-12-17_9/RealSense/color/0/1576594807516,5.jpg",1920,1080,13,0,0,13,11,5,2,0.6875,0.8462,0.7586,0.7201,16,0.6985,11,5,2,0.6875,0.8462,0.7586,0.6709,16,0.7687,10,4,3,0.7143,0.7692,0.7407,0.7244,14,0.7527,False,False,False,-0.0179,-0.0179,-0.0179
18554,"/Users/orram/Tensorleap/data/warehouse/dataset/subset-3/2019-12-17_9/RealSense/color/0/1576594908685,86.jpg",1920,1080,2,0,0,2,0,0,2,0.0,0.0,0.0,0.0,0,0.0,0,1,2,0.0,0.0,0.0,0.0,1,0.5676,0,0,2,0.0,0.0,0.0,0.0,0,0.0,False,False,False,0.0,0.0,0.0
18568,"/Users/orram/Tensorleap/data/warehouse/dataset/subset-3/2019-12-17_9/RealSense/color/0/1576595213095,08.jpg",1920,1080,16,0,0,16,5,11,11,0.3125,0.3125,0.3125,0.7032,16,0.4343,9,6,7,0.6,0.5625,0.5806,0.6383,15,0.4842,4,4,12,0.5,0.25,0.3333,0.6209,8,0.4474,True,False,False,0.0208,-0.2473,-0.2473
18569,"/Users/orram/Tensorleap/data/warehouse/dataset/subset-3/2019-12-17_9/RealSense/color/0/1576595217462,22.jpg",1920,1080,18,0,0,18,8,12,10,0.4,0.4444,0.4211,0.5685,20,0.4667,8,12,10,0.4,0.4444,0.4211,0.5874,20,0.5218,10,7,8,0.5882,0.5556,0.5714,0.5767,17,0.5605,True,True,True,0.1503,0.1503,0.1503
18570,"/Users/orram/Tensorleap/data/warehouse/dataset/subset-3/2019-12-17_9/RealSense/color/0/1576595225776,45.jpg",1920,1080,34,0,0,34,3,7,31,0.3,0.0882,0.1364,0.6445,10,0.369,4,5,30,0.4444,0.1176,0.186,0.7176,9,0.3739,0,0,34,0.0,0.0,0.0,0.0,0,0.0,False,False,False,-0.1364,-0.186,-0.186
18571,"/Users/orram/Tensorleap/data/warehouse/dataset/subset-3/2019-12-17_9/RealSense/color/0/1576595227101,33.jpg",1920,1080,44,0,0,44,13,13,31,0.5,0.2955,0.3714,0.6049,26,0.3947,7,18,37,0.28,0.1591,0.2029,0.5524,25,0.4199,4,0,40,1.0,0.0909,0.1667,0.6252,4,0.3121,False,False,False,-0.2047,-0.0362,-0.2047
18572,"/Users/orram/Tensorleap/data/warehouse/dataset/subset-3/2019-12-17_9/RealSense/color/0/1576595231406,25.jpg",1920,1080,45,0,0,45,20,27,25,0.4255,0.4444,0.4348,0.6547,47,0.4651,25,25,20,0.5,0.5556,0.5263,0.6353,50,0.4899,19,10,26,0.6552,0.4222,0.5135,0.6349,29,0.5068,True,False,False,0.0787,-0.0128,-0.0128
18573,"/Users/orram/Tensorleap/data/warehouse/dataset/subset-3/2019-12-17_9/RealSense/color/0/1576595234386,57.jpg",1920,1080,45,0,0,45,29,18,16,0.617,0.6444,0.6304,0.6538,47,0.4874,32,19,13,0.6275,0.7111,0.6667,0.6568,51,0.4867,26,20,19,0.5652,0.5778,0.5714,0.6796,46,0.5025,False,False,False,-0.059,-0.0953,-0.0953
18574,"/Users/orram/Tensorleap/data/warehouse/dataset/subset-3/2019-12-17_9/RealSense/color/0/1576595252103,65.jpg",1920,1080,78,3,0,75,32,41,46,0.4384,0.4103,0.4238,0.6378,73,0.6578,24,36,54,0.4,0.3077,0.3478,0.6478,60,0.6664,23,38,55,0.377,0.2949,0.3309,0.6238,61,0.6819,False,False,False,-0.0929,-0.0169,-0.0929
18575,"/Users/orram/Tensorleap/data/warehouse/dataset/subset-3/2019-12-17_9/RealSense/color/0/1576595257071,12.jpg",1920,1080,140,2,0,138,99,39,41,0.7174,0.7071,0.7122,0.6571,138,0.683,98,30,42,0.7656,0.7,0.7313,0.6605,128,0.6659,96,33,44,0.7442,0.6857,0.7138,0.6761,129,0.6638,True,False,False,0.0016,-0.0175,-0.0175
18576,"/Users/orram/Tensorleap/data/warehouse/dataset/subset-3/2019-12-17_9/RealSense/color/0/1576595258064,58.jpg",1920,1080,145,3,0,142,74,64,71,0.5362,0.5103,0.523,0.6092,138,0.6927,80,48,65,0.625,0.5517,0.5861,0.6339,128,0.6847,78,45,67,0.6341,0.5379,0.5821,0.621,123,0.7008,True,False,False,0.0591,-0.004,-0.004
18577,"/Users/orram/Tensorleap/data/warehouse/dataset/subset-3/2019-12-17_9/RealSense/color/0/1576595265019,07.jpg",1920,1080,59,1,0,58,30,30,29,0.5,0.5085,0.5042,0.6448,60,0.5654,28,21,31,0.5714,0.4746,0.5185,0.6283,49,0.5467,27,24,32,0.5294,0.4576,0.4909,0.6069,51,0.5869,False,False,False,-0.0133,-0.0276,-0.0276
18578,"/Users/orram/Tensorleap/data/warehouse/dataset/subset-3/2019-12-17_9/RealSense/color/0/1576595269986,28.jpg",1920,1080,45,1,0,44,24,18,21,0.5714,0.5333,0.5517,0.6484,42,0.499,27,18,18,0.6,0.6,0.6,0.6703,45,0.5598,16,18,29,0.4706,0.3556,0.4051,0.6497,34,0.5159,False,False,False,-0.1466,-0.1949,-0.1949
18589,"/Users/orram/Tensorleap/data/warehouse/dataset/subset-3/2019-12-17_9/RealSense/color/0/1576595396654,79.jpg",1920,1080,1,0,0,1,0,0,1,0.0,0.0,0.0,0.0,0,0.0,0,0,1,0.0,0.0,0.0,0.0,0,0.0,0,0,1,0.0,0.0,0.0,0.0,0,0.0,False,False,False,0.0,0.0,0.0
18590,"/Users/orram/Tensorleap/data/warehouse/dataset/subset-3/2019-12-17_9/RealSense/color/0/1576595405929,94.jpg",1920,1080,5,0,0,5,0,0,5,0.0,0.0,0.0,0.0,0,0.0,0,0,5,0.0,0.0,0.0,0.0,0,0.0,0,1,5,0.0,0.0,0.0,0.0,1,0.3556,False,False,False,0.0,0.0,0.0
18591,"/Users/orram/Tensorleap/data/warehouse/dataset/subset-3/2019-12-17_9/RealSense/color/0/1576595407583,33.jpg",1920,1080,1,0,0,1,0,0,1,0.0,0.0,0.0,0.0,0,0.0,0,0,1,0.0,0.0,0.0,0.0,0,0.0,0,0,1,0.0,0.0,0.0,0.0,0,0.0,False,False,False,0.0,0.0,0.0
18592,"/Users/orram/Tensorleap/data/warehouse/dataset/subset-3/2019-12-17_9/RealSense/color/0/1576595428943,11.jpg",1920,1080,36,3,0,33,16,15,20,0.5161,0.4444,0.4776,0.6567,31,0.715,15,7,21,0.6818,0.4167,0.5172,0.6794,22,0.7535,16,12,20,0.5714,0.4444,0.5,0.687,28,0.7553,True,False,False,0.0224,-0.0172,-0.0172
18594,"/Users/orram/Tensorleap/data/warehouse/dataset/subset-3/2019-12-17_9/RealSense/color/0/1576595459244,25.jpg",1920,1080,2,0,0,2,0,0,2,0.0,0.0,0.0,0.0,0,0.0,0,0,2,0.0,0.0,0.0,0.0,0,0.0,0,0,2,0.0,0.0,0.0,0.0,0,0.0,False,False,False,0.0,0.0,0.0
18596,"/Users/orram/Tensorleap/data/warehouse/dataset/subset-3/2019-12-17_9/RealSense/color/0/1576595511567,69.jpg",1920,1080,2,0,1,1,2,2,0,0.5,1.0,0.6667,0.8177,4,0.7482,2,3,0,0.4,1.0,0.5714,0.7841,5,0.8847,1,0,1,1.0,0.5,0.6667,0.7404,1,0.7511,False,True,False,0.0,0.0953,0.0
18597,"/Users/orram/Tensorleap/data/warehouse/dataset/subset-3/2019-12-17_9/RealSense/color/0/1576595556936,58.jpg",1920,1080,38,0,0,38,19,17,19,0.5278,0.5,0.5135,0.6961,36,0.8285,18,16,20,0.5294,0.4737,0.5,0.7122,34,0.8165,22,21,16,0.5116,0.5789,0.5432,0.6737,43,0.8332,True,True,True,0.0297,0.0432,0.0297
18598,"/Users/orram/Tensorleap/data/warehouse/dataset/subset-3/2019-12-17_9/RealSense/color/0/1576595561738,38.jpg",1920,1080,36,0,0,36,22,15,14,0.5946,0.6111,0.6027,0.6755,37,0.8655,21,13,15,0.6176,0.5833,0.6,0.6872,34,0.8506,22,19,14,0.5366,0.6111,0.5714,0.7208,41,0.8459,False,False,False,-0.0313,-0.0286,-0.0313
18599,"/Users/orram/Tensorleap/data/warehouse/dataset/subset-3/2019-12-17_9/RealSense/color/0/1576595566540,48.jpg",1920,1080,29,0,0,29,15,16,14,0.4839,0.5172,0.5,0.7049,31,0.7984,17,12,12,0.5862,0.5862,0.5862,0.6706,29,0.828,18,13,11,0.5806,0.6207,0.6,0.6861,31,0.8191,True,True,True,0.1,0.0138,0.0138
18600,"/Users/orram/Tensorleap/data/warehouse/dataset/subset-3/2019-12-17_9/RealSense/color/0/1576595613565,28.jpg",1920,1080,11,0,0,11,9,2,2,0.8182,0.8182,0.8182,0.7775,11,0.8544,9,2,2,0.8182,0.8182,0.8182,0.7845,11,0.8819,8,4,3,0.6667,0.7273,0.6957,0.7252,12,0.8948,False,False,False,-0.1225,-0.1225,-0.1225
18601,"/Users/orram/Tensorleap/data/warehouse/dataset/subset-3/2019-12-17_9/RealSense/color/0/1576595614558,26.jpg",1920,1080,10,0,0,10,7,3,3,0.7,0.7,0.7,0.7749,10,0.8508,6,2,4,0.75,0.6,0.6667,0.7807,8,0.8877,6,1,4,0.8571,0.6,0.7059,0.6921,7,0.8855,True,True,True,0.0059,0.0392,0.0059
18603,"/Users/orram/Tensorleap/data/warehouse/dataset/subset-3/2019-12-17_9/RealSense/color/0/1576595637739,53.jpg",1920,1080,20,0,0,20,11,13,9,0.4583,0.55,0.5,0.6859,24,0.7588,13,10,7,0.5652,0.65,0.6047,0.6565,23,0.8226,9,12,11,0.4286,0.45,0.439,0.711,21,0.7894,False,False,False,-0.061,-0.1657,-0.1657
18604,"/Users/orram/Tensorleap/data/warehouse/dataset/subset-3/2019-12-17_9/RealSense/color/0/1576595638567,68.jpg",1920,1080,36,0,0,36,20,11,16,0.6452,0.5556,0.597,0.7029,31,0.7923,21,8,15,0.7241,0.5833,0.6462,0.7255,29,0.8255,22,7,14,0.7586,0.6111,0.6769,0.7125,29,0.8144,True,True,True,0.0799,0.0307,0.0307
18605,"/Users/orram/Tensorleap/data/warehouse/dataset/subset-3/2019-12-17_9/RealSense/color/0/1576595643535,26.jpg",1920,1080,37,0,0,37,22,11,15,0.6667,0.5946,0.6286,0.7003,33,0.7623,24,10,13,0.7059,0.6486,0.6761,0.6888,34,0.8231,23,19,14,0.5476,0.6216,0.5823,0.7027,42,0.7956,False,False,False,-0.0463,-0.0938,-0.0938
18606,"/Users/orram/Tensorleap/data/warehouse/dataset/subset-3/2019-12-17_9/RealSense/color/0/1576595665722,51.jpg",1920,1080,11,0,0,11,9,3,2,0.75,0.8182,0.7826,0.6601,12,0.8128,9,4,2,0.6923,0.8182,0.75,0.6801,13,0.787,9,6,2,0.6,0.8182,0.6923,0.6849,15,0.7995,False,False,False,-0.0903,-0.0577,-0.0903
18607,"/Users/orram/Tensorleap/data/warehouse/dataset/subset-3/2019-12-17_9/RealSense/color/0/1576595685923,47.jpg",1920,1080,1,0,0,1,1,0,0,1.0,1.0,1.0,0.8269,1,0.851,1,0,0,1.0,1.0,1.0,0.8528,1,0.8809,1,0,0,1.0,1.0,1.0,0.8049,1,0.907,False,False,False,0.0,0.0,0.0
18608,/Users/orram/Tensorleap/data/warehouse/dataset/subset-3/2019-12-17_9/RealSense/color/0/1576595688904.jpg,1920,1080,1,0,0,1,1,0,0,1.0,1.0,1.0,0.9006,1,0.8551,1,3,0,0.25,1.0,0.4,0.8696,4,0.8622,1,0,0,1.0,1.0,1.0,0.8733,1,0.8772,False,True,False,0.0,0.6,0.0
18609,"/Users/orram/Tensorleap/data/warehouse/dataset/subset-3/2019-12-17_9/RealSense/color/0/1576595690559,83.jpg",1920,1080,1,0,0,1,1,0,0,1.0,1.0,1.0,0.9367,1,0.6738,1,1,0,0.5,1.0,0.6667,0.9058,2,0.6042,1,0,0,1.0,1.0,1.0,0.8796,1,0.7704,False,True,False,0.0,0.3333,0.0
18611,"/Users/orram/Tensorleap/data/warehouse/dataset/subset-3/2019-12-17_9/RealSense/color/0/1576595727650,22.jpg",1920,1080,48,0,0,48,27,16,21,0.6279,0.5625,0.5934,0.688,43,0.863,33,14,15,0.7021,0.6875,0.6947,0.709,47,0.8862,25,13,23,0.6579,0.5208,0.5814,0.7193,38,0.8727,False,False,False,-0.012,-0.1133,-0.1133
18612,"/Users/orram/Tensorleap/data/warehouse/dataset/subset-3/2019-12-17_9/RealSense/color/0/1576595754473,56.jpg",1920,1080,56,0,0,56,32,20,24,0.6154,0.5714,0.5926,0.6898,52,0.8252,35,15,21,0.7,0.625,0.6604,0.6838,50,0.8431,36,17,20,0.6792,0.6429,0.6606,0.6855,53,0.8336,True,True,True,0.068,0.0002,0.0002
18613,"/Users/orram/Tensorleap/data/warehouse/dataset/subset-3/2019-12-17_9/RealSense/color/0/1576595759440,87.jpg",1920,1080,46,0,0,46,23,17,23,0.575,0.5,0.5349,0.6853,40,0.8249,25,13,21,0.6579,0.5435,0.5952,0.7007,38,0.8491,26,13,20,0.6667,0.5652,0.6118,0.706,39,0.8403,True,True,True,0.0769,0.0166,0.0166
18614,"/Users/orram/Tensorleap/data/warehouse/dataset/subset-3/2019-12-17_9/RealSense/color/0/1576595769707,08.jpg",1920,1080,34,0,0,34,23,7,11,0.7667,0.6765,0.7188,0.6775,30,0.807,23,7,11,0.7667,0.6765,0.7188,0.6799,30,0.8331,27,6,7,0.8182,0.7941,0.806,0.6632,33,0.8162,True,True,True,0.0872,0.0872,0.0872
18615,"/Users/orram/Tensorleap/data/warehouse/dataset/subset-3/2019-12-17_9/RealSense/color/0/1576595776826,83.jpg",1920,1080,19,0,0,19,17,4,2,0.8095,0.8947,0.85,0.6903,21,0.7778,14,4,5,0.7778,0.7368,0.7568,0.7073,18,0.8127,16,5,3,0.7619,0.8421,0.8,0.6904,21,0.8229,False,True,False,-0.05,0.0432,-0.05
18616,"/Users/orram/Tensorleap/data/warehouse/dataset/subset-3/2019-12-17_9/RealSense/color/0/1576595777820,31.jpg",1920,1080,17,0,0,17,15,5,2,0.75,0.8824,0.8108,0.7661,20,0.8109,13,4,4,0.7647,0.7647,0.7647,0.7682,17,0.846,15,3,2,0.8333,0.8824,0.8571,0.7445,18,0.8511,True,True,True,0.0463,0.0924,0.0463
18617,"/Users/orram/Tensorleap/data/warehouse/dataset/subset-3/2019-12-17_9/RealSense/color/0/1576595804976,08.jpg",1920,1080,76,0,1,75,41,30,35,0.5775,0.5395,0.5578,0.6835,71,0.8862,38,26,38,0.5938,0.5,0.5429,0.701,64,0.8885,40,32,36,0.5556,0.5263,0.5405,0.6874,72,0.8614,False,False,False,-0.0173,-0.0024,-0.0173
18618,"/Users/orram/Tensorleap/data/warehouse/dataset/subset-3/2019-12-17_9/RealSense/color/0/1576595807955,99.jpg",1920,1080,28,0,1,27,16,21,12,0.4324,0.5714,0.4923,0.6989,37,0.8572,15,21,13,0.4167,0.5357,0.4688,0.7031,36,0.8707,17,14,11,0.5484,0.6071,0.5763,0.7191,31,0.8371,True,True,True,0.084,0.1075,0.084
18619,"/Users/orram/Tensorleap/data/warehouse/dataset/subset-3/2019-12-17_9/RealSense/color/0/1576595825176,29.jpg",1920,1080,46,0,1,45,32,13,14,0.7111,0.6957,0.7033,0.7217,45,0.8191,35,16,11,0.6863,0.7609,0.7216,0.7278,51,0.8546,32,18,14,0.64,0.6957,0.6667,0.7645,50,0.8383,False,False,False,-0.0366,-0.0549,-0.0549
18620,"/Users/orram/Tensorleap/data/warehouse/dataset/subset-3/2019-12-17_9/RealSense/color/0/1576595826169,83.jpg",1920,1080,46,0,1,45,28,17,18,0.6222,0.6087,0.6154,0.7208,45,0.8268,32,21,14,0.6038,0.6957,0.6465,0.7103,53,0.845,34,21,12,0.6182,0.7391,0.6733,0.7057,55,0.8173,True,True,True,0.0579,0.0268,0.0268
18621,"/Users/orram/Tensorleap/data/warehouse/dataset/subset-3/2019-12-17_9/RealSense/color/0/1576595841075,17.jpg",1920,1080,35,0,2,33,24,13,11,0.6486,0.6857,0.6667,0.7358,37,0.8176,26,15,9,0.6341,0.7429,0.6842,0.7288,41,0.8338,29,16,6,0.6444,0.8286,0.725,0.7023,45,0.7971,True,True,True,0.0583,0.0408,0.0408
18622,"/Users/orram/Tensorleap/data/warehouse/dataset/subset-3/2019-12-17_9/RealSense/color/0/1576595842065,72.jpg",1920,1080,34,0,2,32,27,18,7,0.6,0.7941,0.6835,0.6904,45,0.7441,26,12,8,0.6842,0.7647,0.7222,0.6793,38,0.8275,29,14,5,0.6744,0.8529,0.7532,0.681,43,0.8357,True,True,True,0.0697,0.031,0.031
18623,"/Users/orram/Tensorleap/data/warehouse/dataset/subset-3/2019-12-17_9/RealSense/color/0/1576595846867,76.jpg",1920,1080,28,0,2,26,20,10,8,0.6667,0.7143,0.6897,0.7036,30,0.8124,22,9,6,0.7097,0.7857,0.7458,0.698,31,0.8526,23,9,5,0.7188,0.8214,0.7667,0.6839,32,0.8247,True,True,True,0.077,0.0209,0.0209
18624,"/Users/orram/Tensorleap/data/warehouse/dataset/subset-3/2019-12-17_9/RealSense/color/0/1576595847860,87.jpg",1920,1080,30,0,2,28,20,11,10,0.6452,0.6667,0.6557,0.7245,31,0.8609,23,11,7,0.6765,0.7667,0.7188,0.6843,34,0.8662,19,14,11,0.5758,0.6333,0.6032,0.7279,33,0.8324,False,False,False,-0.0525,-0.1156,-0.1156
18625,"/Users/orram/Tensorleap/data/warehouse/dataset/subset-3/2019-12-17_9/RealSense/color/0/1576595856967,72.jpg",1920,1080,7,0,1,6,6,6,1,0.5,0.8571,0.6316,0.7409,12,0.7606,5,7,2,0.4167,0.7143,0.5263,0.6914,12,0.7841,6,4,1,0.6,0.8571,0.7059,0.7607,10,0.7438,True,True,True,0.0743,0.1796,0.0743
18626,"/Users/orram/Tensorleap/data/warehouse/dataset/subset-3/2019-12-17_9/RealSense/color/0/1576595858955,15.jpg",1920,1080,5,0,1,4,4,1,1,0.8,0.8,0.8,0.7718,5,0.6825,4,2,1,0.6667,0.8,0.7273,0.8012,6,0.7533,3,3,2,0.5,0.6,0.5455,0.7818,6,0.7611,False,False,False,-0.2545,-0.1818,-0.2545
18627,"/Users/orram/Tensorleap/data/warehouse/dataset/subset-3/2019-12-17_9/RealSense/color/0/1576595920881,67.jpg",1920,1080,34,0,0,34,25,19,9,0.5682,0.7353,0.641,0.7179,44,0.8063,22,11,12,0.6667,0.6471,0.6567,0.733,33,0.8648,26,12,8,0.6842,0.7647,0.7222,0.7127,38,0.8373,True,True,True,0.0812,0.0655,0.0655
18628,"/Users/orram/Tensorleap/data/warehouse/dataset/subset-3/2019-12-17_9/RealSense/color/0/1576595965588,72.jpg",1920,1080,51,0,0,51,32,19,19,0.6275,0.6275,0.6275,0.6648,51,0.8588,28,27,23,0.5091,0.549,0.5283,0.6913,55,0.8765,30,28,21,0.5172,0.5882,0.5505,0.6986,58,0.9061,False,True,False,-0.077,0.0222,-0.077
18629,"/Users/orram/Tensorleap/data/warehouse/dataset/subset-3/2019-12-17_9/RealSense/color/0/1576595978172,62.jpg",1920,1080,85,0,1,84,40,19,45,0.678,0.4706,0.5556,0.6968,59,0.7559,39,27,46,0.5909,0.4588,0.5166,0.7084,66,0.7923,46,21,39,0.6866,0.5412,0.6053,0.6987,67,0.7541,True,True,True,0.0497,0.0887,0.0497
18630,"/Users/orram/Tensorleap/data/warehouse/dataset/subset-3/2019-12-17_9/RealSense/color/0/1576595981815,66.jpg",1920,1080,40,0,0,40,24,15,16,0.6154,0.6,0.6076,0.7325,39,0.9067,23,21,17,0.5227,0.575,0.5476,0.7309,44,0.9057,22,18,18,0.55,0.55,0.55,0.7472,40,0.8958,False,True,False,-0.0576,0.0024,-0.0576
18631,"/Users/orram/Tensorleap/data/warehouse/dataset/subset-3/2019-12-17_9/RealSense/color/0/1576595994564,84.jpg",1920,1080,52,0,0,52,37,7,15,0.8409,0.7115,0.7708,0.7078,44,0.7893,35,12,17,0.7447,0.6731,0.7071,0.7262,47,0.8466,37,9,15,0.8043,0.7115,0.7551,0.7121,46,0.8099,False,True,False,-0.0157,0.048,-0.0157
18632,"/Users/orram/Tensorleap/data/warehouse/dataset/subset-3/2019-12-17_9/RealSense/color/0/1576596002181,53.jpg",1920,1080,37,1,2,34,26,2,11,0.9286,0.7027,0.8,0.7339,28,0.7869,27,0,10,1.0,0.7297,0.8437,0.7239,27,0.8113,26,2,11,0.9286,0.7027,0.8,0.7315,28,0.7938,False,False,False,0.0,-0.0437,-0.0437
18633,"/Users/orram/Tensorleap/data/warehouse/dataset/subset-3/2019-12-17_9/RealSense/color/0/1576596003837,44.jpg",1920,1080,25,0,1,24,14,8,11,0.6364,0.56,0.5957,0.7063,22,0.782,17,5,8,0.7727,0.68,0.7234,0.69,22,0.8152,15,9,10,0.625,0.6,0.6122,0.6976,24,0.7713,True,False,False,0.0165,-0.1112,-0.1112
18634,"/Users/orram/Tensorleap/data/warehouse/dataset/subset-3/2019-12-17_9/RealSense/color/0/1576596056491,88.jpg",1920,1080,38,0,0,38,23,16,15,0.5897,0.6053,0.5974,0.7027,39,0.8207,25,21,13,0.5435,0.6579,0.5952,0.6959,46,0.8545,26,17,12,0.6047,0.6842,0.642,0.6962,43,0.8234,True,True,True,0.0446,0.0468,0.0446
18635,"/Users/orram/Tensorleap/data/warehouse/dataset/subset-3/2019-12-17_9/RealSense/color/0/1576596073215,52.jpg",1920,1080,30,0,0,30,15,16,15,0.4839,0.5,0.4918,0.7324,31,0.6807,20,13,10,0.6061,0.6667,0.6349,0.6619,33,0.7695,18,16,12,0.5294,0.6,0.5625,0.6898,34,0.7386,True,False,False,0.0707,-0.0724,-0.0724
18636,"/Users/orram/Tensorleap/data/warehouse/dataset/subset-3/2019-12-17_9/RealSense/color/0/1576596075202,78.jpg",1920,1080,20,0,0,20,11,21,9,0.3438,0.55,0.4231,0.734,32,0.8112,11,19,9,0.3667,0.55,0.44,0.7173,30,0.8201,12,18,8,0.4,0.6,0.48,0.716,30,0.7918,True,True,True,0.0569,0.04,0.04
18637,"/Users/orram/Tensorleap/data/warehouse/dataset/subset-3/2019-12-17_9/RealSense/color/0/1576596083481,5.jpg",1920,1080,28,0,0,28,15,7,13,0.6818,0.5357,0.6,0.7104,22,0.8565,15,10,13,0.6,0.5357,0.566,0.6927,25,0.8646,17,8,11,0.68,0.6071,0.6415,0.7065,25,0.8634,True,True,True,0.0415,0.0755,0.0415
18638,"/Users/orram/Tensorleap/data/warehouse/dataset/subset-3/2019-12-17_9/RealSense/color/0/1576596086131,35.jpg",1920,1080,27,0,0,27,16,9,11,0.64,0.5926,0.6154,0.7008,25,0.7977,14,10,13,0.5833,0.5185,0.549,0.7279,24,0.8603,16,8,11,0.6667,0.5926,0.6275,0.7388,24,0.855,True,True,True,0.0121,0.0785,0.0121
18639,"/Users/orram/Tensorleap/data/warehouse/dataset/subset-3/2019-12-17_9/RealSense/color/0/1576596090932,6.jpg",1920,1080,26,0,0,26,14,12,12,0.5385,0.5385,0.5385,0.6601,26,0.7855,17,12,9,0.5862,0.6538,0.6182,0.6757,29,0.8075,16,12,10,0.5714,0.6154,0.5926,0.6789,28,0.8138,True,False,False,0.0541,-0.0256,-0.0256
18640,"/Users/orram/Tensorleap/data/warehouse/dataset/subset-3/2019-12-17_9/RealSense/color/0/1576596132162,14.jpg",1920,1080,47,2,0,45,23,20,24,0.5349,0.4894,0.5111,0.663,43,0.8289,20,22,27,0.4762,0.4255,0.4494,0.6737,42,0.8004,22,30,25,0.4231,0.4681,0.4444,0.6731,52,0.8277,False,False,False,-0.0667,-0.005,-0.0667
18641,"/Users/orram/Tensorleap/data/warehouse/dataset/subset-3/2019-12-17_9/RealSense/color/0/1576596164781,21.jpg",1920,1080,51,2,0,49,27,26,24,0.5094,0.5294,0.5192,0.6518,53,0.7105,24,21,27,0.5333,0.4706,0.5,0.6772,45,0.7956,25,25,26,0.5,0.4902,0.495,0.6697,50,0.7588,False,False,False,-0.0242,-0.005,-0.0242
18642,"/Users/orram/Tensorleap/data/warehouse/dataset/subset-3/2019-12-17_9/RealSense/color/0/1576596165774,96.jpg",1920,1080,61,0,0,61,24,28,37,0.4615,0.3934,0.4248,0.6282,52,0.7555,27,30,34,0.4737,0.4426,0.4576,0.6627,57,0.8005,27,38,34,0.4154,0.4426,0.4286,0.64,65,0.7844,True,False,False,0.0038,-0.029,-0.029
18643,"/Users/orram/Tensorleap/data/warehouse/dataset/subset-3/2019-12-17_9/RealSense/color/0/1576596195910,17.jpg",1920,1080,37,2,1,34,17,12,20,0.5862,0.4595,0.5152,0.6932,29,0.8013,17,13,20,0.5667,0.4595,0.5075,0.6985,30,0.8493,14,10,23,0.5833,0.3784,0.459,0.713,24,0.818,False,False,False,-0.0562,-0.0485,-0.0562
18644,"/Users/orram/Tensorleap/data/warehouse/dataset/subset-3/2019-12-17_9/RealSense/color/0/1576596196908,75.jpg",1920,1080,34,2,1,31,14,10,20,0.5833,0.4118,0.4828,0.6879,24,0.8394,14,12,20,0.5385,0.4118,0.4667,0.6991,26,0.8833,14,10,20,0.5833,0.4118,0.4828,0.6647,24,0.8757,False,True,False,0.0,0.0161,0.0
18645,"/Users/orram/Tensorleap/data/warehouse/dataset/subset-3/2019-12-17_9/RealSense/color/0/1576596199569,15.jpg",1920,1080,38,3,0,35,8,4,30,0.6667,0.2105,0.32,0.6511,12,0.6952,7,7,31,0.5,0.1842,0.2692,0.6349,14,0.7963,9,9,29,0.5,0.2368,0.3214,0.6281,18,0.6699,True,True,True,0.0014,0.0522,0.0014
18646,"/Users/orram/Tensorleap/data/warehouse/dataset/subset-3/2019-12-17_9/RealSense/color/0/1576596212468,45.jpg",1920,1080,0,0,0,0,0,0,0,0.0,0.0,0.0,0.0,0,0.0,0,0,0,0.0,0.0,0.0,0.0,0,0.0,0,0,0,0.0,0.0,0.0,0.0,0,0.0,False,False,False,0.0,0.0,0.0
18647,"/Users/orram/Tensorleap/data/warehouse/dataset/subset-3/2019-12-17_9/RealSense/color/0/1576596229358,07.jpg",1920,1080,4,0,0,4,0,2,4,0.0,0.0,0.0,0.0,2,0.7114,0,4,4,0.0,0.0,0.0,0.0,4,0.7232,0,3,4,0.0,0.0,0.0,0.0,3,0.8067,False,False,False,0.0,0.0,0.0
18648,"/Users/orram/Tensorleap/data/warehouse/dataset/subset-3/2019-12-17_9/RealSense/color/0/1576596235153,04.jpg",1920,1080,55,0,1,54,26,23,29,0.5306,0.4727,0.5,0.6466,49,0.7943,31,19,24,0.62,0.5636,0.5905,0.6345,50,0.8029,27,19,28,0.587,0.4909,0.5347,0.6622,46,0.8624,True,False,False,0.0347,-0.0558,-0.0558
18649,"/Users/orram/Tensorleap/data/warehouse/dataset/subset-3/2019-12-17_9/RealSense/color/0/1576596265123,59.jpg",1920,1080,28,3,0,25,14,2,14,0.875,0.5,0.6364,0.7512,16,0.8526,13,1,15,0.9286,0.4643,0.619,0.7875,14,0.8555,13,1,15,0.9286,0.4643,0.619,0.782,14,0.8596,False,False,False,-0.0174,0.0,-0.0174
18650,"/Users/orram/Tensorleap/data/warehouse/dataset/subset-3/2019-12-17_9/RealSense/color/0/1576596265951,11.jpg",1920,1080,22,3,0,19,15,2,7,0.8824,0.6818,0.7692,0.7737,17,0.8509,14,3,8,0.8235,0.6364,0.7179,0.7976,17,0.8639,14,3,8,0.8235,0.6364,0.7179,0.8002,17,0.845,False,False,False,-0.0513,0.0,-0.0513
